source_entry_id,subject,classification,proposition,jurisdiction,effective_info,basis
CRP-LSRC-0003,"negative_info",period_executable,"§ 605(a)(5) — 15 U.S.C. § 1681c(a)(5)","US_FEDERAL","years=7; start=`the date of the adverse item`","recorded period (7 years)"
CRP-LSRC-0004,"bankruptcy",period_executable,"§ 605(a)(1) — 15 U.S.C. § 1681c(a)(1)","US_FEDERAL","years=10; start=`the date of entry of the order for relief (or adjudication)`","recorded period (10 years)"
CRP-LSRC-0005,"judgment",period_executable,"§ 605(a)(2) — 15 U.S.C. § 1681c(a)(2)","US_FEDERAL","years=7; start=`the date of entry, or the end of the governing statute of limitations if longer`","recorded period (7 years)"
CRP-LSRC-0006,"tax_lien",period_executable,"§ 605(a)(3) — 15 U.S.C. § 1681c(a)(3)","US_FEDERAL","years=7; start=`the date the lien was paid`","recorded period (7 years)"
CRP-LSRC-0007,"collection",period_executable,"§ 605(a)(4) — 15 U.S.C. § 1681c(a)(4)","US_FEDERAL","years=7; start=`the delinquency that preceded the collection or charge-off (see § 605(c))`","recorded period (7 years)"
CRP-LSRC-0008,"medical_debt",report_observable,"§ 605(a)(6), (a)(7), (a)(8) — 15 U.S.C. § 1681c(a)(6)-(8)","US_FEDERAL","years=NOT RECORDED; start=NOT RECORDED","recorded subject 'medical_debt' names a matter printed on a consumer report"
CRP-LSRC-0009,"clock_start",report_observable,"§ 605(c) — 15 U.S.C. § 1681c(c)","US_FEDERAL","years=NOT RECORDED; start=`180 days after the delinquency that preceded collection activity`","recorded subject 'clock_start' names a matter printed on a consumer report"
CRP-LSRC-0010,"date_of_first_delinquency",report_observable,"§ 623(a)(5)(A) — 15 U.S.C. § 1681s-2(a)(5)(A)","US_FEDERAL","years=NOT RECORDED","recorded subject 'date_of_first_delinquency' names a matter printed on a consumer report"
CRP-LSRC-0011,"credit_enquiry",report_observable,"§ 609(a)(1) — 15 U.S.C. § 1681g(a)(1)","US_FEDERAL","years=NOT RECORDED","recorded subject 'credit_enquiry' names a matter printed on a consumer report"
CRP-LSRC-0012,"dispute_duty",off_report,"§ 611(a)(1)(A) and (a)(5)(A) — 15 U.S.C. § 1681i(a)(1)(A), (a)(5)(A)","US_FEDERAL","years=NOT RECORDED","recorded subject 'dispute_duty' names a purpose/communication/process/duty, not a printed report fact"
CRP-LSRC-0013,"accuracy_duty",off_report,"§ 607(b) — 15 U.S.C. § 1681e(b)","US_FEDERAL","years=NOT RECORDED","recorded subject 'accuracy_duty' names a purpose/communication/process/duty, not a printed report fact"
CRP-LSRC-0014,"obsolescence",report_observable,"§ 605(a)(1) — 15 U.S.C. § 1681c(a)(1)","US_FEDERAL","effectiveFrom=1971-04-24; effectiveTo=null; status=in_force; basis=subchapter_base_effective_date","recorded subject 'obsolescence' names a matter printed on a consumer report"
CRP-LSRC-0015,"obsolescence",report_observable,"§ 605(a)(2) — 15 U.S.C. § 1681c(a)(2)","US_FEDERAL","effectiveFrom=1971-04-24; effectiveTo=null; status=in_force; basis=subchapter_base_effective_date","recorded subject 'obsolescence' names a matter printed on a consumer report"
CRP-LSRC-0016,"obsolescence",report_observable,"§ 605(a)(3) — 15 U.S.C. § 1681c(a)(3)","US_FEDERAL","effectiveFrom=1971-04-24; effectiveTo=null; status=in_force; basis=subchapter_base_effective_date","recorded subject 'obsolescence' names a matter printed on a consumer report"
CRP-LSRC-0017,"obsolescence",report_observable,"§ 605(a)(4) — 15 U.S.C. § 1681c(a)(4)","US_FEDERAL","effectiveFrom=1971-04-24; effectiveTo=null; status=in_force; basis=subchapter_base_effective_date","recorded subject 'obsolescence' names a matter printed on a consumer report"
CRP-LSRC-0018,"obsolescence",report_observable,"§ 605(a)(5) — 15 U.S.C. § 1681c(a)(5)","US_FEDERAL","effectiveFrom=1971-04-24; effectiveTo=null; status=in_force; basis=subchapter_base_effective_date","recorded subject 'obsolescence' names a matter printed on a consumer report"
CRP-LSRC-0019,"medical_information",report_observable,"§ 605(a)(6) — 15 U.S.C. § 1681c(a)(6)","US_FEDERAL","effectiveFrom=1971-04-24; effectiveTo=null; status=in_force; basis=subchapter_base_effective_date","recorded subject 'medical_information' names a matter printed on a consumer report"
CRP-LSRC-0020,"medical_information",report_observable,"§ 605(a)(7) — 15 U.S.C. § 1681c(a)(7)","US_FEDERAL","effectiveFrom=2019-05-24, basis=printed_effective_date_note","recorded subject 'medical_information' names a matter printed on a consumer report"
CRP-LSRC-0021,"medical_information",report_observable,"§ 605(a)(8) — 15 U.S.C. § 1681c(a)(8)","US_FEDERAL","effectiveFrom=2019-05-24, basis=printed_effective_date_note","recorded subject 'medical_information' names a matter printed on a consumer report"
CRP-LSRC-0022,"obsolescence",report_observable,"§ 605(b) — 15 U.S.C. § 1681c(b)","US_FEDERAL","effectiveFrom=1971-04-24; effectiveTo=null; status=in_force; basis=subchapter_base_effective_date","recorded subject 'obsolescence' names a matter printed on a consumer report"
CRP-LSRC-0023,"dofd_reaging",report_observable,"§ 605(c)(1) — 15 U.S.C. § 1681c(c)(1)","US_FEDERAL","effectiveFrom=1971-04-24; effectiveTo=null; status=in_force; basis=subchapter_base_effective_date","recorded subject 'dofd_reaging' names a matter printed on a consumer report"
CRP-LSRC-0024,"dofd_reaging",report_observable,"§ 605(c)(2) — 15 U.S.C. § 1681c(c)(2)","US_FEDERAL","effectiveFrom=1997-12-29, basis=printed_effective_date_note","recorded subject 'dofd_reaging' names a matter printed on a consumer report"
CRP-LSRC-0025,"public_record",report_observable,"§ 605(d)(1) — 15 U.S.C. § 1681c(d)(1)","US_FEDERAL","effectiveFrom=1971-04-24; effectiveTo=null; status=in_force; basis=subchapter_base_effective_date","recorded subject 'public_record' names a matter printed on a consumer report"
CRP-LSRC-0026,"inquiries",report_observable,"§ 605(d)(2) — 15 U.S.C. § 1681c(d)(2)","US_FEDERAL","effectiveFrom=1971-04-24; effectiveTo=null; status=in_force; basis=subchapter_base_effective_date","recorded subject 'inquiries' names a matter printed on a consumer report"
CRP-LSRC-0027,"account_responsibility",report_observable,"§ 605(e) — 15 U.S.C. § 1681c(e)","US_FEDERAL","effectiveFrom=1971-04-24; effectiveTo=null; status=in_force; basis=subchapter_base_effective_date","recorded subject 'account_responsibility' names a matter printed on a consumer report"
CRP-LSRC-0028,"dispute_notation",report_observable,"§ 605(f) — 15 U.S.C. § 1681c(f)","US_FEDERAL","effectiveFrom=1971-04-24; effectiveTo=null; status=in_force; basis=subchapter_base_effective_date","recorded subject 'dispute_notation' names a matter printed on a consumer report"
CRP-LSRC-0029,"provenance",report_observable,"§ 605(h) — 15 U.S.C. § 1681c(h)","US_FEDERAL","effectiveFrom=1971-04-24; effectiveTo=null; status=in_force; basis=subchapter_base_effective_date","recorded subject 'provenance' names a matter printed on a consumer report"
CRP-LSRC-0030,"permissible_purpose",off_report,"§ 604(a) — 15 U.S.C. § 1681b(a)","US_FEDERAL","effectiveFrom=1971-04-24; effectiveTo=null; status=in_force; basis=subchapter_base_effective_date","recorded subject 'permissible_purpose' names a purpose/communication/process/duty, not a printed report fact"
CRP-LSRC-0031,"permissible_purpose",off_report,"§ 604(b)(2) — 15 U.S.C. § 1681b(b)(2)","US_FEDERAL","effectiveFrom=1971-04-24; effectiveTo=null; status=in_force; basis=subchapter_base_effective_date","recorded subject 'permissible_purpose' names a purpose/communication/process/duty, not a printed report fact"
CRP-LSRC-0032,"fraud_alert_security_freeze",report_observable,"§ 605A(a) — 15 U.S.C. § 1681c-1(a)","US_FEDERAL","effectiveFrom=1971-04-24; effectiveTo=null; status=in_force; basis=subchapter_base_effective_date","recorded subject 'fraud_alert_security_freeze' names a matter printed on a consumer report"
CRP-LSRC-0033,"fraud_alert_security_freeze",report_observable,"§ 605A(b) — 15 U.S.C. § 1681c-1(b)","US_FEDERAL","effectiveFrom=1971-04-24; effectiveTo=null; status=in_force; basis=subchapter_base_effective_date","recorded subject 'fraud_alert_security_freeze' names a matter printed on a consumer report"
CRP-LSRC-0034,"fraud_alert_security_freeze",report_observable,"§ 605A(c) — 15 U.S.C. § 1681c-1(c)","US_FEDERAL","effectiveFrom=1971-04-24; effectiveTo=null; status=in_force; basis=subchapter_base_effective_date","recorded subject 'fraud_alert_security_freeze' names a matter printed on a consumer report"
CRP-LSRC-0035,"fraud_alert_security_freeze",report_observable,"§ 605A(i) — 15 U.S.C. § 1681c-1(i)","US_FEDERAL","effectiveFrom=2018-09-21, basis=printed_effective_date_note","recorded subject 'fraud_alert_security_freeze' names a matter printed on a consumer report"
CRP-LSRC-0036,"fraud_alert_security_freeze",report_observable,"§ 605A(j) — 15 U.S.C. § 1681c-1(j)","US_FEDERAL","effectiveFrom=2018-09-21, basis=printed_effective_date_note","recorded subject 'fraud_alert_security_freeze' names a matter printed on a consumer report"
CRP-LSRC-0037,"fraud_alert_security_freeze",report_observable,"§ 605A(k) — 15 U.S.C. § 1681c-1(k)","US_FEDERAL","effectiveFrom=1971-04-24; effectiveTo=null; status=in_force; basis=subchapter_base_effective_date","recorded subject 'fraud_alert_security_freeze' names a matter printed on a consumer report"
CRP-LSRC-0038,"identity_theft",report_observable,"§ 605B(a) — 15 U.S.C. § 1681c-2(a)","US_FEDERAL","effectiveFrom=null, basis=recorded_gap_not_read","recorded subject 'identity_theft' names a matter printed on a consumer report"
CRP-LSRC-0039,"adverse_information",report_observable,"§ 605C(b) — 15 U.S.C. § 1681c-3(b)","US_FEDERAL","effectiveFrom=null, basis=recorded_gap_conditional_effective_date","recorded subject 'adverse_information' names a matter printed on a consumer report"
CRP-LSRC-0040,"permissible_purpose",off_report,"§ 607(a) — 15 U.S.C. § 1681e(a)","US_FEDERAL","effectiveFrom=1971-04-24; effectiveTo=null; status=in_force; basis=subchapter_base_effective_date","recorded subject 'permissible_purpose' names a purpose/communication/process/duty, not a printed report fact"
CRP-LSRC-0041,"accuracy",report_observable,"§ 607(b) — 15 U.S.C. § 1681e(b)","US_FEDERAL","effectiveFrom=1971-04-24; effectiveTo=null; status=in_force; basis=subchapter_base_effective_date","recorded subject 'accuracy' names a matter printed on a consumer report"
CRP-LSRC-0042,"accuracy",report_observable,"§ 607(b) — 15 U.S.C. § 1681e(b)","US_FEDERAL","effectiveFrom=1971-04-24; effectiveTo=null; status=in_force; basis=subchapter_base_effective_date","recorded subject 'accuracy' names a matter printed on a consumer report"
CRP-LSRC-0043,"file_disclosure",report_observable,"§ 609(a) — 15 U.S.C. § 1681g(a)","US_FEDERAL","effectiveFrom=1971-04-24; effectiveTo=null; status=in_force; basis=subchapter_base_effective_date","recorded subject 'file_disclosure' names a matter printed on a consumer report"
CRP-LSRC-0044,"inquiries",report_observable,"§ 609(a)(1) — 15 U.S.C. § 1681g(a)(1)","US_FEDERAL","effectiveFrom=1971-04-24; effectiveTo=null; status=in_force; basis=subchapter_base_effective_date","recorded subject 'inquiries' names a matter printed on a consumer report"
CRP-LSRC-0045,"file_disclosure",report_observable,"§ 609(f) — 15 U.S.C. § 1681g(f)","US_FEDERAL","effectiveFrom=1971-04-24; effectiveTo=null; status=in_force; basis=subchapter_base_effective_date","recorded subject 'file_disclosure' names a matter printed on a consumer report"
CRP-LSRC-0046,"file_disclosure",report_observable,"§ 612(a)(1)(A) — 15 U.S.C. § 1681j(a)(1)(A)","US_FEDERAL","effectiveFrom=1971-04-24; effectiveTo=null; status=in_force; basis=subchapter_base_effective_date","recorded subject 'file_disclosure' names a matter printed on a consumer report"
CRP-LSRC-0047,"file_disclosure",report_observable,"§ 612(f)(1) — 15 U.S.C. § 1681j(f)(1)","US_FEDERAL","effectiveFrom=1971-04-24; effectiveTo=null; status=in_force; basis=subchapter_base_effective_date","recorded subject 'file_disclosure' names a matter printed on a consumer report"
CRP-LSRC-0048,"dispute_reinvestigation",off_report,"§ 611(a)(1)(A) — 15 U.S.C. § 1681i(a)(1)(A)","US_FEDERAL","effectiveFrom=1971-04-24; effectiveTo=null; status=in_force; basis=subchapter_base_effective_date","recorded subject 'dispute_reinvestigation' names a purpose/communication/process/duty, not a printed report fact"
CRP-LSRC-0049,"dispute_reinvestigation",off_report,"§ 611(a)(5)(A) — 15 U.S.C. § 1681i(a)(5)(A)","US_FEDERAL","effectiveFrom=1971-04-24; effectiveTo=null; status=in_force; basis=subchapter_base_effective_date","recorded subject 'dispute_reinvestigation' names a purpose/communication/process/duty, not a printed report fact"
CRP-LSRC-0050,"dispute_notation",report_observable,"§ 611(c) — 15 U.S.C. § 1681i(c)","US_FEDERAL","effectiveFrom=1971-04-24; effectiveTo=null; status=in_force; basis=subchapter_base_effective_date","recorded subject 'dispute_notation' names a matter printed on a consumer report"
CRP-LSRC-0051,"dispute_reinvestigation",off_report,"§ 611(d) — 15 U.S.C. § 1681i(d)","US_FEDERAL","effectiveFrom=1971-04-24; effectiveTo=null; status=in_force; basis=subchapter_base_effective_date","recorded subject 'dispute_reinvestigation' names a purpose/communication/process/duty, not a printed report fact"
CRP-LSRC-0052,"medical_information",report_observable,"§ 611(g) — 15 U.S.C. § 1681i(g)","US_FEDERAL","effectiveFrom=1971-04-24; effectiveTo=null; status=in_force; basis=subchapter_base_effective_date","recorded subject 'medical_information' names a matter printed on a consumer report"
CRP-LSRC-0053,"dofd_reaging",report_observable,"§ 623(a)(5)(A) — 15 U.S.C. § 1681s-2(a)(5)(A)","US_FEDERAL","effectiveFrom=1971-04-24; effectiveTo=null; status=in_force; basis=subchapter_base_effective_date","recorded subject 'dofd_reaging' names a matter printed on a consumer report"
CRP-LSRC-0054,"dofd_reaging",report_observable,"§ 623(a)(5)(A) — 15 U.S.C. § 1681s-2(a)(5)(A)","US_FEDERAL","effectiveFrom=1971-04-24; effectiveTo=null; status=in_force; basis=subchapter_base_effective_date","recorded subject 'dofd_reaging' names a matter printed on a consumer report"
CRP-LSRC-0055,"furnisher_accuracy",off_report,"§ 623(a)(7) — 15 U.S.C. § 1681s-2(a)(7)","US_FEDERAL","effectiveFrom=1971-04-24; effectiveTo=null; status=in_force; basis=subchapter_base_effective_date","recorded subject 'furnisher_accuracy' names a purpose/communication/process/duty, not a printed report fact"
CRP-LSRC-0056,"account_responsibility",report_observable,"§ 623(a)(8) — 15 U.S.C. § 1681s-2(a)(8)","US_FEDERAL","effectiveFrom=1971-04-24; effectiveTo=null; status=in_force; basis=subchapter_base_effective_date","recorded subject 'account_responsibility' names a matter printed on a consumer report"
CRP-LSRC-0057,"furnisher_accuracy",off_report,"§ 623(b)(1) — 15 U.S.C. § 1681s-2(b)(1)","US_FEDERAL","effectiveFrom=1971-04-24; effectiveTo=null; status=in_force; basis=subchapter_base_effective_date","recorded subject 'furnisher_accuracy' names a purpose/communication/process/duty, not a printed report fact"
CRP-LSRC-0058,"furnisher_accuracy",off_report,"§ 623(e) — 15 U.S.C. § 1681s-2(e)","US_FEDERAL","effectiveFrom=1971-04-24; effectiveTo=null; status=in_force; basis=subchapter_base_effective_date","recorded subject 'furnisher_accuracy' names a purpose/communication/process/duty, not a printed report fact"
CRP-LSRC-0059,"preemption",off_report,"§ 625 — 15 U.S.C. § 1681t","US_FEDERAL","effectiveFrom=1971-04-24; effectiveTo=null; status=in_force; basis=subchapter_base_effective_date","recorded subject 'preemption' names a purpose/communication/process/duty, not a printed report fact"
CRP-LSRC-0060,"procedural",off_report,"§ 628 — 15 U.S.C. § 1681w","US_FEDERAL","effectiveFrom=1971-04-24; effectiveTo=null; status=in_force; basis=subchapter_base_effective_date","recorded subject 'procedural' names a purpose/communication/process/duty, not a printed report fact"
CRP-LSRC-0061,"procedural",off_report,"§ 629 — 15 U.S.C. § 1681x","US_FEDERAL","effectiveFrom=1971-04-24; effectiveTo=null; status=in_force; basis=subchapter_base_effective_date","recorded subject 'procedural' names a purpose/communication/process/duty, not a printed report fact"
CRP-LSRC-0062,"medical_information",report_observable,"§ 1022.38 — 12 CFR § 1022.38","US_FEDERAL","effectiveFrom=2025-03-17, basis=printed_effective_date_note","recorded subject 'medical_information' names a matter printed on a consumer report"
CRP-LSRC-0063,"fraud_alert_security_freeze",report_observable,"§ 1022.121 — 12 CFR § 1022.121","US_FEDERAL","effectiveFrom=null; effectiveTo=null; status=in_force; basis=recorded_gap_source_publication_only","recorded subject 'fraud_alert_security_freeze' names a matter printed on a consumer report"
CRP-LSRC-0064,"identity_theft",report_observable,"§ 1022.123 — 12 CFR § 1022.123","US_FEDERAL","effectiveFrom=null; effectiveTo=null; status=in_force; basis=recorded_gap_source_publication_only","recorded subject 'identity_theft' names a matter printed on a consumer report"
CRP-LSRC-0065,"file_disclosure",report_observable,"§ 1022.136 — 12 CFR § 1022.136","US_FEDERAL","effectiveFrom=null; effectiveTo=null; status=in_force; basis=recorded_gap_source_publication_only","recorded subject 'file_disclosure' names a matter printed on a consumer report"
CRP-LSRC-0066,"file_disclosure",report_observable,"§ 1022.137 — 12 CFR § 1022.137","US_FEDERAL","effectiveFrom=null; effectiveTo=null; status=in_force; basis=recorded_gap_source_publication_only","recorded subject 'file_disclosure' names a matter printed on a consumer report"
CRP-LSRC-0067,"file_disclosure",report_observable,"§ 1022.138 — 12 CFR § 1022.138","US_FEDERAL","effectiveFrom=null; effectiveTo=null; status=in_force; basis=recorded_gap_source_publication_only","recorded subject 'file_disclosure' names a matter printed on a consumer report"
CRP-LSRC-0068,"procedural",off_report,"§ 1022.140 — 12 CFR § 1022.140","US_FEDERAL","effectiveFrom=null; effectiveTo=null; status=in_force; basis=recorded_gap_source_publication_only","recorded subject 'procedural' names a purpose/communication/process/duty, not a printed report fact"
CRP-LSRC-0069,"file_disclosure",report_observable,"§ 1022.141 — 12 CFR § 1022.141","US_FEDERAL","effectiveFrom=2019-01-31, basis=printed_effective_date_note","recorded subject 'file_disclosure' names a matter printed on a consumer report"
CRP-LSRC-0070,"adverse_information",report_observable,"§ 1022.142 — 12 CFR § 1022.142","US_FEDERAL","effectiveFrom=2022-07-25, basis=printed_effective_date_note","recorded subject 'adverse_information' names a matter printed on a consumer report"
CRP-LSRC-0071,"provenance",report_observable,"§ 1022.82 — 12 CFR § 1022.82","US_FEDERAL","effectiveFrom=null; effectiveTo=null; status=in_force; basis=recorded_gap_source_publication_only","recorded subject 'provenance' names a matter printed on a consumer report"
CRP-LSRC-0072,"medical_information",report_observable,"§ 1022.30 — 12 CFR § 1022.30","US_FEDERAL","effectiveFrom=null; effectiveTo=null; status=in_force; basis=recorded_gap_source_publication_only","recorded subject 'medical_information' names a matter printed on a consumer report"
CRP-LSRC-0073,"furnisher_accuracy",off_report,"§ 1022.42 — 12 CFR § 1022.42","US_FEDERAL","effectiveFrom=null; effectiveTo=null; status=in_force; basis=recorded_gap_source_publication_only","recorded subject 'furnisher_accuracy' names a purpose/communication/process/duty, not a printed report fact"
CRP-LSRC-0074,"furnisher_accuracy",off_report,"§ 1022.43 — 12 CFR § 1022.43","US_FEDERAL","effectiveFrom=null; effectiveTo=null; status=in_force; basis=recorded_gap_source_publication_only","recorded subject 'furnisher_accuracy' names a purpose/communication/process/duty, not a printed report fact"
CRP-LSRC-0165,"judgment",period_executable,"§ 380-j(f)(1)(ii)","`US-NY` (bare `NY` law const `NY_GBL`)","start=`the date the judgment was entered (judgment satisfied within 5 years of entry)`","recorded period (5,7 years)"
CRP-LSRC-0166,"judgment",period_executable,"§ 380-j(f)(1)(ii)","US-NY","start=`the date of entry, or the end of the governing statute of limitations, whichever is longer`","recorded period (5,7 years)"
CRP-LSRC-0167,"tax_lien",period_executable,"§ 380-j(f)(1)(iii)","US-NY","start=`the date the paid tax lien was paid`","recorded period (7 years)"
CRP-LSRC-0168,"bankruptcy",period_executable,"§ 380-j(f)(1)(i)","US-NY","start=`the date of adjudication of the most recent bankruptcy`","recorded period (14 years)"
CRP-LSRC-0169,"medical_debt",report_observable,"§ 380-j(a)(3)","US-NY","start=NOT RECORDED","recorded subject 'medical_debt' names a matter printed on a consumer report"
CRP-LSRC-0170,"arrest_record",report_observable,"§ 380-j(a)(1)","US-NY","start=NOT RECORDED","recorded subject 'arrest_record' names a matter printed on a consumer report"
CRP-LSRC-0171,"bankruptcy",period_executable,"§ 1785.13(a)(1)","US-CA","start=`the date of the order for relief`","recorded period (10 years)"
CRP-LSRC-0172,"permissible_purpose",off_report,"§ 380-b(a) — N.Y. Gen. Bus. Law § 380-b","US_NEW_YORK","effectiveFrom=null; effectiveTo=null; status=in_force; basis=recorded_gap_source_publication_only","recorded subject 'permissible_purpose' names a purpose/communication/process/duty, not a printed report fact"
CRP-LSRC-0173,"permissible_purpose",off_report,"§ 380-b(a)(3)(ii) — N.Y. Gen. Bus. Law § 380-b","US_NEW_YORK","effectiveFrom=null; effectiveTo=null; status=in_force; basis=recorded_gap_source_publication_only","recorded subject 'permissible_purpose' names a purpose/communication/process/duty, not a printed report fact"
CRP-LSRC-0174,"permissible_purpose",off_report,"§ 380-b(b)–(c) — N.Y. Gen. Bus. Law § 380-b","US_NEW_YORK","effectiveFrom=null; effectiveTo=null; status=in_force; basis=recorded_gap_source_publication_only","recorded subject 'permissible_purpose' names a purpose/communication/process/duty, not a printed report fact"
CRP-LSRC-0175,"permissible_purpose",off_report,"§ 380-b(d)–(e) — N.Y. Gen. Bus. Law § 380-b","US_NEW_YORK","effectiveFrom=null; effectiveTo=null; status=in_force; basis=recorded_gap_source_publication_only","recorded subject 'permissible_purpose' names a purpose/communication/process/duty, not a printed report fact"
CRP-LSRC-0176,"file_disclosure",report_observable,"§ 380-d(a)(1)–(2) — N.Y. Gen. Bus. Law § 380-d","US_NEW_YORK","effectiveFrom=null; effectiveTo=null; status=in_force; basis=recorded_gap_source_publication_only","recorded subject 'file_disclosure' names a matter printed on a consumer report"
CRP-LSRC-0177,"file_disclosure",report_observable,"§ 380-d(a)(3) — N.Y. Gen. Bus. Law § 380-d","US_NEW_YORK","effectiveFrom=null; effectiveTo=null; status=in_force; basis=recorded_gap_source_publication_only","recorded subject 'file_disclosure' names a matter printed on a consumer report"
CRP-LSRC-0178,"file_disclosure",report_observable,"§ 380-d(c) — N.Y. Gen. Bus. Law § 380-d","US_NEW_YORK","effectiveFrom=null; effectiveTo=null; status=in_force; basis=recorded_gap_source_publication_only","recorded subject 'file_disclosure' names a matter printed on a consumer report"
CRP-LSRC-0179,"file_disclosure",report_observable,"§ 380-e(a)–(d), (f) — N.Y. Gen. Bus. Law § 380-e","US_NEW_YORK","effectiveFrom=null; effectiveTo=null; status=in_force; basis=recorded_gap_source_publication_only","recorded subject 'file_disclosure' names a matter printed on a consumer report"
CRP-LSRC-0180,"file_disclosure",report_observable,"§ 380-e(e)(1)–(4) — N.Y. Gen. Bus. Law § 380-e","US_NEW_YORK","effectiveFrom=null; effectiveTo=null; status=in_force; basis=recorded_gap_source_publication_only","recorded subject 'file_disclosure' names a matter printed on a consumer report"
CRP-LSRC-0181,"dispute_reinvestigation",off_report,"§ 380-f(a) — N.Y. Gen. Bus. Law § 380-f","US_NEW_YORK","effectiveFrom=null; effectiveTo=null; status=in_force; basis=recorded_gap_source_publication_only","recorded subject 'dispute_reinvestigation' names a purpose/communication/process/duty, not a printed report fact"
CRP-LSRC-0182,"dispute_reinvestigation",off_report,"§ 380-f(b) — N.Y. Gen. Bus. Law § 380-f","US_NEW_YORK","effectiveFrom=null; effectiveTo=null; status=in_force; basis=recorded_gap_source_publication_only","recorded subject 'dispute_reinvestigation' names a purpose/communication/process/duty, not a printed report fact"
CRP-LSRC-0183,"dispute_notation",report_observable,"§ 380-f(c)–(d) — N.Y. Gen. Bus. Law § 380-f","US_NEW_YORK","effectiveFrom=null; effectiveTo=null; status=in_force; basis=recorded_gap_source_publication_only","recorded subject 'dispute_notation' names a matter printed on a consumer report"
CRP-LSRC-0184,"public_record",report_observable,"§ 380-g(a)–(b) — N.Y. Gen. Bus. Law § 380-g","US_NEW_YORK","effectiveFrom=null; effectiveTo=null; status=in_force; basis=recorded_gap_source_publication_only","recorded subject 'public_record' names a matter printed on a consumer report"
CRP-LSRC-0185,"public_record",report_observable,"§ 380-g(c) — N.Y. Gen. Bus. Law § 380-g","US_NEW_YORK","effectiveFrom=null; effectiveTo=null; status=in_force; basis=recorded_gap_source_publication_only","recorded subject 'public_record' names a matter printed on a consumer report"
CRP-LSRC-0186,"public_record",report_observable,"§ 380-g(d) — N.Y. Gen. Bus. Law § 380-g","US_NEW_YORK","effectiveFrom=null; effectiveTo=null; status=in_force; basis=recorded_gap_source_publication_only","recorded subject 'public_record' names a matter printed on a consumer report"
CRP-LSRC-0187,"adverse_information",report_observable,"§ 380-h(a) — N.Y. Gen. Bus. Law § 380-h","US_NEW_YORK","effectiveFrom=null; effectiveTo=null; status=in_force; basis=recorded_gap_source_publication_only","recorded subject 'adverse_information' names a matter printed on a consumer report"
CRP-LSRC-0188,"adverse_information",report_observable,"§ 380-i(a)–(b) — N.Y. Gen. Bus. Law § 380-i","US_NEW_YORK","effectiveFrom=null; effectiveTo=null; status=in_force; basis=recorded_gap_source_publication_only","recorded subject 'adverse_information' names a matter printed on a consumer report"
CRP-LSRC-0189,"permissible_purpose",off_report,"§ 380-i(c) — N.Y. Gen. Bus. Law § 380-i","US_NEW_YORK","effectiveFrom=null; effectiveTo=null; status=in_force; basis=recorded_gap_source_publication_only","recorded subject 'permissible_purpose' names a purpose/communication/process/duty, not a printed report fact"
CRP-LSRC-0190,"provenance",report_observable,"§ 380-k — N.Y. Gen. Bus. Law § 380-k","US_NEW_YORK","effectiveFrom=null; effectiveTo=null; status=in_force; basis=recorded_gap_source_publication_only","recorded subject 'provenance' names a matter printed on a consumer report"
CRP-LSRC-0191,"medical_information",report_observable,"§ 380-q — N.Y. Gen. Bus. Law § 380-q","US_NEW_YORK","effectiveFrom=null; effectiveTo=null; status=in_force; basis=recorded_gap_source_publication_only","recorded subject 'medical_information' names a matter printed on a consumer report"
CRP-LSRC-0192,"adverse_information",report_observable,"§ 380-j(a)(1) — N.Y. Gen. Bus. Law § 380-j","US_NEW_YORK","effectiveFrom=null; effectiveTo=null; status=in_force; basis=recorded_gap_source_publication_only","recorded subject 'adverse_information' names a matter printed on a consumer report"
CRP-LSRC-0193,"adverse_information",report_observable,"§ 380-j(a)(2) — N.Y. Gen. Bus. Law § 380-j","US_NEW_YORK","effectiveFrom=null; effectiveTo=null; status=in_force; basis=recorded_gap_source_publication_only","recorded subject 'adverse_information' names a matter printed on a consumer report"
CRP-LSRC-0194,"medical_information",report_observable,"§ 380-j(a)(3) — N.Y. Gen. Bus. Law § 380-j","US_NEW_YORK","effectiveFrom=null; effectiveTo=null; status=in_force; basis=recorded_gap_source_publication_only","recorded subject 'medical_information' names a matter printed on a consumer report"
CRP-LSRC-0195,"accuracy",report_observable,"§ 380-j(a)(4) (self-contradiction limb) — N.Y. Gen. Bus. Law § 380-j","US_NEW_YORK","effectiveFrom=null; effectiveTo=null; status=in_force; basis=recorded_gap_source_publication_only","recorded subject 'accuracy' names a matter printed on a consumer report"
CRP-LSRC-0196,"accuracy",report_observable,"§ 380-j(a)(4) (external-truth limb) — N.Y. Gen. Bus. Law § 380-j","US_NEW_YORK","effectiveFrom=null; effectiveTo=null; status=in_force; basis=recorded_gap_source_publication_only","recorded subject 'accuracy' names a matter printed on a consumer report"
CRP-LSRC-0197,"adverse_information",report_observable,"§ 380-j(b) — N.Y. Gen. Bus. Law § 380-j","US_NEW_YORK","effectiveFrom=null; effectiveTo=null; status=in_force; basis=recorded_gap_source_publication_only","recorded subject 'adverse_information' names a matter printed on a consumer report"
CRP-LSRC-0198,"public_record",report_observable,"§ 380-j(c) — N.Y. Gen. Bus. Law § 380-j","US_NEW_YORK","effectiveFrom=null; effectiveTo=null; status=in_force; basis=recorded_gap_source_publication_only","recorded subject 'public_record' names a matter printed on a consumer report"
CRP-LSRC-0199,"adverse_information",report_observable,"§ 380-j(d) — N.Y. Gen. Bus. Law § 380-j","US_NEW_YORK","effectiveFrom=null; effectiveTo=null; status=in_force; basis=recorded_gap_source_publication_only","recorded subject 'adverse_information' names a matter printed on a consumer report"
CRP-LSRC-0200,"accuracy",report_observable,"§ 380-j(e) — N.Y. Gen. Bus. Law § 380-j","US_NEW_YORK","effectiveFrom=null; effectiveTo=null; status=in_force; basis=recorded_gap_source_publication_only","recorded subject 'accuracy' names a matter printed on a consumer report"
CRP-LSRC-0201,"obsolescence",report_observable,"§ 380-j(f)(1)(i) — N.Y. Gen. Bus. Law § 380-j","US_NEW_YORK","effectiveFrom=null; effectiveTo=null; status=in_force; basis=recorded_gap_source_publication_only","recorded subject 'obsolescence' names a matter printed on a consumer report"
CRP-LSRC-0202,"obsolescence",report_observable,"§ 380-j(f)(1)(ii) (first limb) — N.Y. Gen. Bus. Law § 380-j","US_NEW_YORK","effectiveFrom=null; effectiveTo=null; status=in_force; basis=recorded_gap_source_publication_only","recorded subject 'obsolescence' names a matter printed on a consumer report"
CRP-LSRC-0203,"obsolescence",report_observable,"§ 380-j(f)(1)(ii) (second limb) — N.Y. Gen. Bus. Law § 380-j","US_NEW_YORK","effectiveFrom=null; effectiveTo=null; status=in_force; basis=recorded_gap_source_publication_only","recorded subject 'obsolescence' names a matter printed on a consumer report"
CRP-LSRC-0204,"obsolescence",report_observable,"§ 380-j(f)(1)(iii) — N.Y. Gen. Bus. Law § 380-j","US_NEW_YORK","effectiveFrom=null; effectiveTo=null; status=in_force; basis=recorded_gap_source_publication_only","recorded subject 'obsolescence' names a matter printed on a consumer report"
CRP-LSRC-0205,"obsolescence",report_observable,"§ 380-j(f)(1)(iv) — N.Y. Gen. Bus. Law § 380-j","US_NEW_YORK","effectiveFrom=null; effectiveTo=null; status=in_force; basis=recorded_gap_source_publication_only","recorded subject 'obsolescence' names a matter printed on a consumer report"
CRP-LSRC-0206,"obsolescence",report_observable,"§ 380-j(f)(1)(v) — N.Y. Gen. Bus. Law § 380-j","US_NEW_YORK","effectiveFrom=null; effectiveTo=null; status=in_force; basis=recorded_gap_source_publication_only","recorded subject 'obsolescence' names a matter printed on a consumer report"
CRP-LSRC-0207,"obsolescence",report_observable,"§ 380-j(f)(1)(vi) — N.Y. Gen. Bus. Law § 380-j","US_NEW_YORK","effectiveFrom=null; effectiveTo=null; status=in_force; basis=recorded_gap_source_publication_only","recorded subject 'obsolescence' names a matter printed on a consumer report"
CRP-LSRC-0208,"obsolescence",report_observable,"§ 380-j(f)(1)(vii) — N.Y. Gen. Bus. Law § 380-j","US_NEW_YORK","effectiveFrom=null; effectiveTo=null; status=in_force; basis=recorded_gap_source_publication_only","recorded subject 'obsolescence' names a matter printed on a consumer report"
CRP-LSRC-0209,"medical_information",report_observable,"§ 380-j(f)(1)(viii) — N.Y. Gen. Bus. Law § 380-j","US_NEW_YORK","effectiveFrom=null; effectiveTo=null; status=in_force; basis=recorded_gap_source_publication_only","recorded subject 'medical_information' names a matter printed on a consumer report"
CRP-LSRC-0210,"",unclassified,"§ 380-j(f)(1)(ix)-series limb (*provision token truncated in extraction; recorded as the ninth limb of § 380-j(f)(1)*) — N.Y. Gen. Bus. Law § 380-j","US_NEW_YORK","effectiveFrom=null; effectiveTo=null; status=in_force; basis=recorded_gap_source_publication_only","no recorded legacy subject"
CRP-LSRC-0211,"",unclassified,"§ 380-j(f)(1) *(limb recorded with an effective window)* — N.Y. Gen. Bus. Law § 380-j","US_NEW_YORK","effectiveFrom=2027-05-26, effectiveTo=2032-07-01, status=`not_yet_effective`, basis=printed_effective_date_note","no recorded legacy subject"
CRP-LSRC-0212,"obsolescence",report_observable,"§ 380-j(f)(2) — N.Y. Gen. Bus. Law § 380-j","US_NEW_YORK","effectiveFrom=null; effectiveTo=null; status=in_force; basis=recorded_gap_source_publication_only","recorded subject 'obsolescence' names a matter printed on a consumer report"
CRP-LSRC-0213,"adverse_information",report_observable,"§ 380-j(g) — N.Y. Gen. Bus. Law § 380-j","US_NEW_YORK","effectiveFrom=null; effectiveTo=null; status=in_force; basis=recorded_gap_source_publication_only","recorded subject 'adverse_information' names a matter printed on a consumer report"
CRP-LSRC-0214,"adverse_information",report_observable,"§ 380-j(h) — N.Y. Gen. Bus. Law § 380-j","US_NEW_YORK","effectiveFrom=null; effectiveTo=null; status=in_force; basis=recorded_gap_source_publication_only","recorded subject 'adverse_information' names a matter printed on a consumer report"
CRP-LSRC-0215,"fraud_alert_security_freeze",report_observable,"§ 380-t(a)–(b) — N.Y. Gen. Bus. Law § 380-t","US_NEW_YORK","effectiveFrom=null; effectiveTo=null; status=in_force; basis=recorded_gap_source_publication_only","recorded subject 'fraud_alert_security_freeze' names a matter printed on a consumer report"
CRP-LSRC-0216,"fraud_alert_security_freeze",report_observable,"§ 380-t(c), (j), (l) — N.Y. Gen. Bus. Law § 380-t","US_NEW_YORK","effectiveFrom=null; effectiveTo=null; status=in_force; basis=recorded_gap_source_publication_only","recorded subject 'fraud_alert_security_freeze' names a matter printed on a consumer report"
CRP-LSRC-0217,"fraud_alert_security_freeze",report_observable,"§ 380-t(d)–(i), (k), (m), (p) — N.Y. Gen. Bus. Law § 380-t","US_NEW_YORK","effectiveFrom=null; effectiveTo=null; status=in_force; basis=recorded_gap_source_publication_only","recorded subject 'fraud_alert_security_freeze' names a matter printed on a consumer report"
CRP-LSRC-0218,"fraud_alert_security_freeze",report_observable,"§ 380-t(n) — N.Y. Gen. Bus. Law § 380-t","US_NEW_YORK","effectiveFrom=null; effectiveTo=null; status=in_force; basis=recorded_gap_source_publication_only","recorded subject 'fraud_alert_security_freeze' names a matter printed on a consumer report"
CRP-LSRC-0219,"identity_theft",report_observable,"§ 380-t(n)(3)(i)–(ii) — N.Y. Gen. Bus. Law § 380-t","US_NEW_YORK","effectiveFrom=null; effectiveTo=null; status=in_force; basis=recorded_gap_source_publication_only","recorded subject 'identity_theft' names a matter printed on a consumer report"
CRP-LSRC-0220,"fraud_alert_security_freeze",report_observable,"§ 380-t(o) — N.Y. Gen. Bus. Law § 380-t","US_NEW_YORK","effectiveFrom=null; effectiveTo=null; status=in_force; basis=recorded_gap_source_publication_only","recorded subject 'fraud_alert_security_freeze' names a matter printed on a consumer report"
CRP-LSRC-0221,"fraud_alert_security_freeze",report_observable,"§ 380-t(q) — N.Y. Gen. Bus. Law § 380-t","US_NEW_YORK","effectiveFrom=null; effectiveTo=null; status=in_force; basis=recorded_gap_source_publication_only","recorded subject 'fraud_alert_security_freeze' names a matter printed on a consumer report"
CRP-LSRC-0222,"fraud_alert_security_freeze",report_observable,"§ 380-t(r) — N.Y. Gen. Bus. Law § 380-t","US_NEW_YORK","effectiveFrom=null; effectiveTo=null; status=in_force; basis=recorded_gap_source_publication_only","recorded subject 'fraud_alert_security_freeze' names a matter printed on a consumer report"
CRP-LSRC-0223,"fraud_alert_security_freeze",report_observable,"§ 380-u(a)–(g), (i)–(j) — N.Y. Gen. Bus. Law § 380-u","US_NEW_YORK","effectiveFrom=null; effectiveTo=null; status=in_force; basis=recorded_gap_source_publication_only","recorded subject 'fraud_alert_security_freeze' names a matter printed on a consumer report"
CRP-LSRC-0224,"fraud_alert_security_freeze",report_observable,"§ 380-u(h) — N.Y. Gen. Bus. Law § 380-u","US_NEW_YORK","effectiveFrom=null; effectiveTo=null; status=in_force; basis=recorded_gap_source_publication_only","recorded subject 'fraud_alert_security_freeze' names a matter printed on a consumer report"
CRP-LSRC-0225,"preemption",off_report,"§ 380-j (preemption interaction for the whole overlay) — N.Y. Gen. Bus. Law § 380-j","US_NEW_YORK","effectiveFrom=null; effectiveTo=null; status=in_force; basis=recorded_gap_source_publication_only","recorded subject 'preemption' names a purpose/communication/process/duty, not a printed report fact"
CRP-LSRC-0226,"permissible_purpose",off_report,"RCW 19.182.030 — RCW 19.182.030","US_WASHINGTON","effectiveFrom=null; effectiveTo=null; status=in_force; basis=recorded_gap_source_publication_only","recorded subject 'permissible_purpose' names a purpose/communication/process/duty, not a printed report fact"
CRP-LSRC-0227,"obsolescence",report_observable,"RCW 19.182.040(1)(a) — RCW 19.182.040","US_WASHINGTON","effectiveFrom=null; effectiveTo=null; status=in_force; basis=recorded_gap_source_publication_only","recorded subject 'obsolescence' names a matter printed on a consumer report"
CRP-LSRC-0228,"obsolescence",report_observable,"RCW 19.182.040(1)(b) — RCW 19.182.040","US_WASHINGTON","effectiveFrom=null; effectiveTo=null; status=in_force; basis=recorded_gap_source_publication_only","recorded subject 'obsolescence' names a matter printed on a consumer report"
CRP-LSRC-0229,"obsolescence",report_observable,"RCW 19.182.040(1)(c) — RCW 19.182.040","US_WASHINGTON","effectiveFrom=null; effectiveTo=null; status=in_force; basis=recorded_gap_source_publication_only","recorded subject 'obsolescence' names a matter printed on a consumer report"
CRP-LSRC-0230,"obsolescence",report_observable,"RCW 19.182.040(1)(d) — RCW 19.182.040","US_WASHINGTON","effectiveFrom=null; effectiveTo=null; status=in_force; basis=recorded_gap_source_publication_only","recorded subject 'obsolescence' names a matter printed on a consumer report"
CRP-LSRC-0231,"obsolescence",report_observable,"RCW 19.182.040(1)(e) — RCW 19.182.040","US_WASHINGTON","effectiveFrom=null; effectiveTo=null; status=in_force; basis=recorded_gap_source_publication_only","recorded subject 'obsolescence' names a matter printed on a consumer report"
CRP-LSRC-0232,"obsolescence",report_observable,"RCW 19.182.040(1)(f) — RCW 19.182.040","US_WASHINGTON","effectiveFrom=null; effectiveTo=null; status=in_force; basis=recorded_gap_source_publication_only","recorded subject 'obsolescence' names a matter printed on a consumer report"
CRP-LSRC-0233,"medical_information",report_observable,"RCW 19.182.040(1)(g) — RCW 19.182.040","US_WASHINGTON","effectiveFrom=null; effectiveTo=null; status=in_force; basis=recorded_gap_source_publication_only","recorded subject 'medical_information' names a matter printed on a consumer report"
CRP-LSRC-0234,"obsolescence",report_observable,"RCW 19.182.040(1)(h) — RCW 19.182.040","US_WASHINGTON","effectiveFrom=null; effectiveTo=null; status=in_force; basis=recorded_gap_source_publication_only","recorded subject 'obsolescence' names a matter printed on a consumer report"
CRP-LSRC-0235,"permissible_purpose",off_report,"RCW 19.182.040(2) — RCW 19.182.040","US_WASHINGTON","effectiveFrom=null; effectiveTo=null; status=in_force; basis=recorded_gap_source_publication_only","recorded subject 'permissible_purpose' names a purpose/communication/process/duty, not a printed report fact"
CRP-LSRC-0236,"dispute_reinvestigation",off_report,"RCW 19.182.090(1) — RCW 19.182.090","US_WASHINGTON","effectiveFrom=null; effectiveTo=null; status=in_force; basis=recorded_gap_source_publication_only","recorded subject 'dispute_reinvestigation' names a purpose/communication/process/duty, not a printed report fact"
CRP-LSRC-0237,"dispute_reinvestigation",off_report,"RCW 19.182.090(2) — RCW 19.182.090","US_WASHINGTON","effectiveFrom=null; effectiveTo=null; status=in_force; basis=recorded_gap_source_publication_only","recorded subject 'dispute_reinvestigation' names a purpose/communication/process/duty, not a printed report fact"
CRP-LSRC-0238,"dispute_reinvestigation",off_report,"RCW 19.182.090(3)(b) — RCW 19.182.090","US_WASHINGTON","effectiveFrom=null; effectiveTo=null; status=in_force; basis=recorded_gap_source_publication_only","recorded subject 'dispute_reinvestigation' names a purpose/communication/process/duty, not a printed report fact"
CRP-LSRC-0239,"dispute_notation",report_observable,"RCW 19.182.090(5)(b)(ii) — RCW 19.182.090","US_WASHINGTON","effectiveFrom=null; effectiveTo=null; status=in_force; basis=recorded_gap_source_publication_only","recorded subject 'dispute_notation' names a matter printed on a consumer report"
CRP-LSRC-0240,"identity_theft",report_observable,"RCW 19.182.160(1) — RCW 19.182.160","US_WASHINGTON","effectiveFrom=null; effectiveTo=null; status=in_force; basis=recorded_gap_source_publication_only","recorded subject 'identity_theft' names a matter printed on a consumer report"
CRP-LSRC-0241,"fraud_alert_security_freeze",report_observable,"RCW 19.182.170(3) — RCW 19.182.170","US_WASHINGTON","effectiveFrom=null; effectiveTo=null; status=in_force; basis=recorded_gap_source_publication_only","recorded subject 'fraud_alert_security_freeze' names a matter printed on a consumer report"
CRP-LSRC-0242,"fraud_alert_security_freeze",report_observable,"RCW 19.182.170(4) — RCW 19.182.170","US_WASHINGTON","effectiveFrom=null; effectiveTo=null; status=in_force; basis=recorded_gap_source_publication_only","recorded subject 'fraud_alert_security_freeze' names a matter printed on a consumer report"
CRP-LSRC-0243,"fraud_alert_security_freeze",report_observable,"RCW 19.182.170(6) — RCW 19.182.170","US_WASHINGTON","effectiveFrom=null; effectiveTo=null; status=in_force; basis=recorded_gap_source_publication_only","recorded subject 'fraud_alert_security_freeze' names a matter printed on a consumer report"
CRP-LSRC-0244,"fraud_alert_security_freeze",report_observable,"RCW 19.182.180 — RCW 19.182.180","US_WASHINGTON","effectiveFrom=null; effectiveTo=null; status=in_force; basis=recorded_gap_source_publication_only","recorded subject 'fraud_alert_security_freeze' names a matter printed on a consumer report"
CRP-LSRC-0245,"fraud_alert_security_freeze",report_observable,"RCW 19.182.230(3) — RCW 19.182.230","US_WASHINGTON","effectiveFrom=null; effectiveTo=null; status=in_force; basis=recorded_gap_source_publication_only","recorded subject 'fraud_alert_security_freeze' names a matter printed on a consumer report"
CRP-LSRC-0246,"accuracy",report_observable,"RCW 19.182.060(2) — RCW 19.182.060","US_WASHINGTON","effectiveFrom=null; effectiveTo=null; status=in_force; basis=recorded_gap_source_publication_only","recorded subject 'accuracy' names a matter printed on a consumer report"
CRP-LSRC-0247,"procedural",off_report,"RCW 19.182.110 — RCW 19.182.110","US_WASHINGTON","effectiveFrom=null; effectiveTo=null; status=in_force; basis=recorded_gap_source_publication_only","recorded subject 'procedural' names a purpose/communication/process/duty, not a printed report fact"
CRP-LSRC-0248,"preemption",off_report,"Chapter 19.182 RCW (preemption interaction for the whole overlay) — RCW 19.182.902","US_WASHINGTON","effectiveFrom=null; effectiveTo=null; status=in_force; basis=recorded_gap_source_publication_only","recorded subject 'preemption' names a purpose/communication/process/duty, not a printed report fact"
CRP-LSRC-0249,"file_disclosure",report_observable,"§ 1785.10(a)–(c) — Cal. Civ. Code § 1785.10","US_CALIFORNIA","effectiveFrom=null; effectiveTo=null; status=in_force; basis=recorded_gap_source_publication_only","recorded subject 'file_disclosure' names a matter printed on a consumer report"
CRP-LSRC-0250,"file_disclosure",report_observable,"§ 1785.10(d)–(e) — Cal. Civ. Code § 1785.10","US_CALIFORNIA","effectiveFrom=null; effectiveTo=null; status=in_force; basis=recorded_gap_source_publication_only","recorded subject 'file_disclosure' names a matter printed on a consumer report"
CRP-LSRC-0251,"file_disclosure",report_observable,"§ 1785.10.1(a) — Cal. Civ. Code § 1785.10.1","US_CALIFORNIA","effectiveFrom=2014-01-01","recorded subject 'file_disclosure' names a matter printed on a consumer report"
CRP-LSRC-0252,"permissible_purpose",off_report,"§ 1785.11(a) — Cal. Civ. Code § 1785.11","US_CALIFORNIA","effectiveFrom=null; effectiveTo=null; status=in_force; basis=recorded_gap_source_publication_only","recorded subject 'permissible_purpose' names a purpose/communication/process/duty, not a printed report fact"
CRP-LSRC-0253,"permissible_purpose",off_report,"§ 1785.11(b), (d)–(f) — Cal. Civ. Code § 1785.11","US_CALIFORNIA","effectiveFrom=null; effectiveTo=null; status=in_force; basis=recorded_gap_source_publication_only","recorded subject 'permissible_purpose' names a purpose/communication/process/duty, not a printed report fact"
CRP-LSRC-0254,"inquiries",report_observable,"§ 1785.11(c) — Cal. Civ. Code § 1785.11","US_CALIFORNIA","effectiveFrom=null; effectiveTo=null; status=in_force; basis=recorded_gap_source_publication_only","recorded subject 'inquiries' names a matter printed on a consumer report"
CRP-LSRC-0255,"fraud_alert_security_freeze",report_observable,"§ 1785.11.1(a)–(f), (j) — Cal. Civ. Code § 1785.11.1","US_CALIFORNIA","effectiveFrom=null; effectiveTo=null; status=in_force; basis=recorded_gap_source_publication_only","recorded subject 'fraud_alert_security_freeze' names a matter printed on a consumer report"
CRP-LSRC-0256,"fraud_alert_security_freeze",report_observable,"§ 1785.11.2(a)–(l) — Cal. Civ. Code § 1785.11.2","US_CALIFORNIA","effectiveFrom=null; effectiveTo=null; status=in_force; basis=recorded_gap_source_publication_only","recorded subject 'fraud_alert_security_freeze' names a matter printed on a consumer report"
CRP-LSRC-0257,"fraud_alert_security_freeze",report_observable,"§ 1785.11.2(m) — Cal. Civ. Code § 1785.11.2","US_CALIFORNIA","effectiveFrom=null; effectiveTo=null; status=in_force; basis=recorded_gap_source_publication_only","recorded subject 'fraud_alert_security_freeze' names a matter printed on a consumer report"
CRP-LSRC-0258,"fraud_alert_security_freeze",report_observable,"§ 1785.11.3(a)–(b) — Cal. Civ. Code § 1785.11.3","US_CALIFORNIA","effectiveFrom=null; effectiveTo=null; status=in_force; basis=recorded_gap_source_publication_only","recorded subject 'fraud_alert_security_freeze' names a matter printed on a consumer report"
CRP-LSRC-0259,"fraud_alert_security_freeze",report_observable,"§ 1785.11.11(a)–(d), (g)–(i) — Cal. Civ. Code § 1785.11.11","US_CALIFORNIA","effectiveFrom=null; effectiveTo=null; status=in_force; basis=recorded_gap_source_publication_only","recorded subject 'fraud_alert_security_freeze' names a matter printed on a consumer report"
CRP-LSRC-0260,"identity_theft",report_observable,"§ 1785.12(b) — Cal. Civ. Code § 1785.12","US_CALIFORNIA","effectiveFrom=2025-01-01","recorded subject 'identity_theft' names a matter printed on a consumer report"
CRP-LSRC-0261,"obsolescence",report_observable,"§ 1785.13(a)(1) — Cal. Civ. Code § 1785.13","US_CALIFORNIA","effectiveFrom=null; effectiveTo=null; status=in_force; basis=recorded_gap_source_publication_only","recorded subject 'obsolescence' names a matter printed on a consumer report"
CRP-LSRC-0262,"obsolescence",report_observable,"§ 1785.13(a)(2) — Cal. Civ. Code § 1785.13","US_CALIFORNIA","effectiveFrom=null; effectiveTo=null; status=in_force; basis=recorded_gap_source_publication_only","recorded subject 'obsolescence' names a matter printed on a consumer report"
CRP-LSRC-0263,"obsolescence",report_observable,"§ 1785.13(a)(3) — Cal. Civ. Code § 1785.13","US_CALIFORNIA","effectiveFrom=null; effectiveTo=null; status=in_force; basis=recorded_gap_source_publication_only","recorded subject 'obsolescence' names a matter printed on a consumer report"
CRP-LSRC-0264,"obsolescence",report_observable,"§ 1785.13(a)(4) — Cal. Civ. Code § 1785.13","US_CALIFORNIA","effectiveFrom=null; effectiveTo=null; status=in_force; basis=recorded_gap_source_publication_only","recorded subject 'obsolescence' names a matter printed on a consumer report"
CRP-LSRC-0265,"obsolescence",report_observable,"§ 1785.13(a)(5) — Cal. Civ. Code § 1785.13","US_CALIFORNIA","effectiveFrom=null; effectiveTo=null; status=in_force; basis=recorded_gap_source_publication_only","recorded subject 'obsolescence' names a matter printed on a consumer report"
CRP-LSRC-0266,"obsolescence",report_observable,"§ 1785.13(a)(6) — Cal. Civ. Code § 1785.13","US_CALIFORNIA","effectiveFrom=null; effectiveTo=null; status=in_force; basis=recorded_gap_source_publication_only","recorded subject 'obsolescence' names a matter printed on a consumer report"
CRP-LSRC-0267,"medical_information",report_observable,"§ 1785.13(a)(7) — Cal. Civ. Code § 1785.13","US_CALIFORNIA","effectiveFrom=2025-01-01","recorded subject 'medical_information' names a matter printed on a consumer report"
CRP-LSRC-0268,"obsolescence",report_observable,"§ 1785.13(a)(8) — Cal. Civ. Code § 1785.13","US_CALIFORNIA","effectiveFrom=null; effectiveTo=null; status=in_force; basis=recorded_gap_source_publication_only","recorded subject 'obsolescence' names a matter printed on a consumer report"
CRP-LSRC-0269,"dofd_reaging",report_observable,"§ 1785.13(b) — Cal. Civ. Code § 1785.13","US_CALIFORNIA","effectiveFrom=null; effectiveTo=null; status=in_force; basis=recorded_gap_source_publication_only","recorded subject 'dofd_reaging' names a matter printed on a consumer report"
CRP-LSRC-0270,"public_record",report_observable,"§ 1785.13(c) — Cal. Civ. Code § 1785.13","US_CALIFORNIA","effectiveFrom=null; effectiveTo=null; status=in_force; basis=recorded_gap_source_publication_only","recorded subject 'public_record' names a matter printed on a consumer report"
CRP-LSRC-0271,"obsolescence",report_observable,"§ 1785.13(d) — Cal. Civ. Code § 1785.13","US_CALIFORNIA","effectiveFrom=null; effectiveTo=null; status=in_force; basis=recorded_gap_source_publication_only","recorded subject 'obsolescence' names a matter printed on a consumer report"
CRP-LSRC-0272,"accuracy",report_observable,"§ 1785.13(e) — Cal. Civ. Code § 1785.13","US_CALIFORNIA","effectiveFrom=null; effectiveTo=null; status=in_force; basis=recorded_gap_source_publication_only","recorded subject 'accuracy' names a matter printed on a consumer report"
CRP-LSRC-0273,"medical_information",report_observable,"§ 1785.13(f) — Cal. Civ. Code § 1785.13","US_CALIFORNIA","effectiveFrom=null; effectiveTo=null; status=in_force; basis=recorded_gap_source_publication_only","recorded subject 'medical_information' names a matter printed on a consumer report"
CRP-LSRC-0274,"accuracy",report_observable,"§ 1785.13(g) — Cal. Civ. Code § 1785.13","US_CALIFORNIA","effectiveFrom=null; effectiveTo=null; status=in_force; basis=recorded_gap_source_publication_only","recorded subject 'accuracy' names a matter printed on a consumer report"
CRP-LSRC-0275,"permissible_purpose",off_report,"§ 1785.14(a) — Cal. Civ. Code § 1785.14","US_CALIFORNIA","effectiveFrom=null; effectiveTo=null; status=in_force; basis=recorded_gap_source_publication_only","recorded subject 'permissible_purpose' names a purpose/communication/process/duty, not a printed report fact"
CRP-LSRC-0276,"accuracy",report_observable,"§ 1785.14(b) (self-contradiction limb) — Cal. Civ. Code § 1785.14","US_CALIFORNIA","effectiveFrom=null; effectiveTo=null; status=in_force; basis=recorded_gap_source_publication_only","recorded subject 'accuracy' names a matter printed on a consumer report"
CRP-LSRC-0277,"accuracy",report_observable,"§ 1785.14(b) (external-truth limb) — Cal. Civ. Code § 1785.14","US_CALIFORNIA","effectiveFrom=null; effectiveTo=null; status=in_force; basis=recorded_gap_source_publication_only","recorded subject 'accuracy' names a matter printed on a consumer report"
CRP-LSRC-0278,"procedural",off_report,"§ 1785.14(d) — Cal. Civ. Code § 1785.14","US_CALIFORNIA","effectiveFrom=null; effectiveTo=null; status=in_force; basis=recorded_gap_source_publication_only","recorded subject 'procedural' names a purpose/communication/process/duty, not a printed report fact"
CRP-LSRC-0279,"file_disclosure",report_observable,"§ 1785.15(a)–(b) — Cal. Civ. Code § 1785.15","US_CALIFORNIA","effectiveFrom=null; effectiveTo=null; status=in_force; basis=recorded_gap_source_publication_only","recorded subject 'file_disclosure' names a matter printed on a consumer report"
CRP-LSRC-0280,"file_disclosure",report_observable,"§ 1785.15.1(a) — Cal. Civ. Code § 1785.15.1","US_CALIFORNIA","effectiveFrom=null; effectiveTo=null; status=in_force; basis=recorded_gap_source_publication_only","recorded subject 'file_disclosure' names a matter printed on a consumer report"
CRP-LSRC-0281,"file_disclosure",report_observable,"§ 1785.15.2 — Cal. Civ. Code § 1785.15.2","US_CALIFORNIA","effectiveFrom=null; effectiveTo=null; status=in_force; basis=recorded_gap_source_publication_only","recorded subject 'file_disclosure' names a matter printed on a consumer report"
CRP-LSRC-0282,"identity_theft",report_observable,"§ 1785.15.3(a)–(b) — Cal. Civ. Code § 1785.15.3","US_CALIFORNIA","effectiveFrom=2003-07-01","recorded subject 'identity_theft' names a matter printed on a consumer report"
CRP-LSRC-0283,"dispute_reinvestigation",off_report,"§ 1785.16(a) — Cal. Civ. Code § 1785.16","US_CALIFORNIA","effectiveFrom=null; effectiveTo=null; status=in_force; basis=recorded_gap_source_publication_only","recorded subject 'dispute_reinvestigation' names a purpose/communication/process/duty, not a printed report fact"
CRP-LSRC-0284,"dispute_reinvestigation",off_report,"§ 1785.16(b) — Cal. Civ. Code § 1785.16","US_CALIFORNIA","effectiveFrom=null; effectiveTo=null; status=in_force; basis=recorded_gap_source_publication_only","recorded subject 'dispute_reinvestigation' names a purpose/communication/process/duty, not a printed report fact"
CRP-LSRC-0285,"dispute_notation",report_observable,"§ 1785.16(f)–(g) — Cal. Civ. Code § 1785.16","US_CALIFORNIA","effectiveFrom=null; effectiveTo=null; status=in_force; basis=recorded_gap_source_publication_only","recorded subject 'dispute_notation' names a matter printed on a consumer report"
CRP-LSRC-0286,"identity_theft",report_observable,"§ 1785.16(k)–(l) — Cal. Civ. Code § 1785.16","US_CALIFORNIA","effectiveFrom=null; effectiveTo=null; status=in_force; basis=recorded_gap_source_publication_only","recorded subject 'identity_theft' names a matter printed on a consumer report"
CRP-LSRC-0287,"inquiries",report_observable,"§ 1785.16.1 — Cal. Civ. Code § 1785.16.1","US_CALIFORNIA","effectiveFrom=2002-01-01","recorded subject 'inquiries' names a matter printed on a consumer report"
CRP-LSRC-0288,"public_record",report_observable,"§ 1785.18(a) — Cal. Civ. Code § 1785.18","US_CALIFORNIA","effectiveFrom=null; effectiveTo=null; status=in_force; basis=recorded_gap_source_publication_only","recorded subject 'public_record' names a matter printed on a consumer report"
CRP-LSRC-0289,"permissible_purpose",off_report,"§ 1785.19.5 — Cal. Civ. Code § 1785.19.5","US_CALIFORNIA","effectiveFrom=null; effectiveTo=null; status=in_force; basis=recorded_gap_source_publication_only","recorded subject 'permissible_purpose' names a purpose/communication/process/duty, not a printed report fact"
CRP-LSRC-0290,"furnisher_accuracy",off_report,"§ 1785.25(a) — Cal. Civ. Code § 1785.25","US_CALIFORNIA","effectiveFrom=null; effectiveTo=null; status=in_force; basis=recorded_gap_source_publication_only","recorded subject 'furnisher_accuracy' names a purpose/communication/process/duty, not a printed report fact"
CRP-LSRC-0291,"furnisher_accuracy",off_report,"§ 1785.25(b) — Cal. Civ. Code § 1785.25","US_CALIFORNIA","effectiveFrom=null; effectiveTo=null; status=in_force; basis=recorded_gap_source_publication_only","recorded subject 'furnisher_accuracy' names a purpose/communication/process/duty, not a printed report fact"
CRP-LSRC-0292,"furnisher_accuracy",off_report,"§ 1785.25(c) — Cal. Civ. Code § 1785.25","US_CALIFORNIA","effectiveFrom=null; effectiveTo=null; status=in_force; basis=recorded_gap_source_publication_only","recorded subject 'furnisher_accuracy' names a purpose/communication/process/duty, not a printed report fact"
CRP-LSRC-0293,"furnisher_accuracy",off_report,"§ 1785.25(d) — Cal. Civ. Code § 1785.25","US_CALIFORNIA","effectiveFrom=null; effectiveTo=null; status=in_force; basis=recorded_gap_source_publication_only","recorded subject 'furnisher_accuracy' names a purpose/communication/process/duty, not a printed report fact"
CRP-LSRC-0294,"dofd_reaging",report_observable,"§ 1785.25(e) — Cal. Civ. Code § 1785.25","US_CALIFORNIA","effectiveFrom=null; effectiveTo=null; status=in_force; basis=recorded_gap_source_publication_only","recorded subject 'dofd_reaging' names a matter printed on a consumer report"
CRP-LSRC-0295,"furnisher_accuracy",off_report,"§ 1785.25(f) — Cal. Civ. Code § 1785.25","US_CALIFORNIA","effectiveFrom=null; effectiveTo=null; status=in_force; basis=recorded_gap_source_publication_only","recorded subject 'furnisher_accuracy' names a purpose/communication/process/duty, not a printed report fact"
CRP-LSRC-0296,"furnisher_accuracy",off_report,"§ 1785.26(b)–(c) — Cal. Civ. Code § 1785.26","US_CALIFORNIA","effectiveFrom=2025-01-01","recorded subject 'furnisher_accuracy' names a purpose/communication/process/duty, not a printed report fact"
CRP-LSRC-0297,"medical_information",report_observable,"§ 1785.27(a), (c)–(d) — Cal. Civ. Code § 1785.27","US_CALIFORNIA","effectiveFrom=2026-01-01","recorded subject 'medical_information' names a matter printed on a consumer report"
CRP-LSRC-0298,"preemption",off_report,"§ 1785.13 (preemption interaction for the whole overlay) — Cal. Civ. Code § 1785.13","US_CALIFORNIA","effectiveFrom=null; effectiveTo=null; status=in_force; basis=recorded_gap_source_publication_only","recorded subject 'preemption' names a purpose/communication/process/duty, not a printed report fact"
CRP-LSRC-0299,"dispute_reinvestigation",off_report,"§ 1785.30 — Cal. Civ. Code § 1785.30","US_CALIFORNIA","effectiveFrom=null; effectiveTo=null; status=in_force; basis=recorded_gap_source_publication_only","recorded subject 'dispute_reinvestigation' names a purpose/communication/process/duty, not a printed report fact"
CRP-LSRC-0314,"collection",period_executable,"NOT RECORDED (`section: null`)","FEDERAL","years=6; start=`the date of the late or missed payment`","recorded period (6,3,6,3,2,6,1 years)"
CRP-LSRC-0315,"",unclassified,"NOT RECORDED","FEDERAL","years=3; start=`the date of the enquiry`","no recorded legacy subject"
CRP-LSRC-0316,"",unclassified,"NOT RECORDED","FEDERAL","years=6; start=`the date of discharge`","no recorded legacy subject"
CRP-LSRC-0317,"",unclassified,"NOT RECORDED","FEDERAL","years=3; start=`3 years after all debts in the proposal are paid, or 6 years after signing — whichever comes…` (recorded)","no recorded legacy subject"
CRP-LSRC-0318,"",unclassified,"NOT RECORDED","FEDERAL","years=2; start=`the date the plan's debts are paid off`","no recorded legacy subject"
CRP-LSRC-0319,"accuracy_duty",off_report,"Schedule 1, clause 4.6 (Accuracy) and clause 4.9 (Individual access)","FEDERAL","years=NOT RECORDED","recorded subject 'accuracy_duty' names a purpose/communication/process/duty, not a printed report fact"
CRP-LSRC-0320,"",unclassified,"NOT RECORDED","FEDERAL","years=6; start=`the date of the judgment`","no recorded legacy subject"
CRP-LSRC-0352,"negative_info",period_executable,"`s. 10(3)(c) — a consumer reporting agency shall not include in a consumer report 'information …'` (recorded provision label; quoted wording withheld)","NS","years=6; start=`the date the last payment was made on the debt`","recorded period (6 years)"
CRP-LSRC-0353,"bankruptcy",period_executable,"`s. 10(e) — no consumer report may include 'information as to the bankruptcy of a consumer afte…'` (recorded provision label; quoted wording withheld)","NS","years=NOT RECORDED; start=`the date of the discharge`","recorded period (6 years)"
CRP-LSRC-0354,"",unclassified,"s. 10(3)(c)","CA-NS","effectiveFrom=null; effectiveTo=null; status=in_force; basis=recorded_gap_commencement_not_read","no recorded legacy subject"
CRP-LSRC-0355,"",unclassified,"s. 10(3)(ca)","CA-NS","effectiveFrom=null; effectiveTo=null; status=in_force; basis=recorded_gap_commencement_not_read (recorded as "same as 355")","no recorded legacy subject"
CRP-LSRC-0356,"",unclassified,"s. 10(3)(da)","CA-NS","effectiveFrom=null; effectiveTo=null; status=in_force; basis=recorded_gap_commencement_not_read (recorded as "same as 355")","no recorded legacy subject"
CRP-LSRC-0357,"",unclassified,"s. 10(3)(e)","CA-NS","effectiveFrom=null; effectiveTo=null; status=in_force; basis=recorded_gap_commencement_not_read (recorded as "same as 355")","no recorded legacy subject"
CRP-LSRC-0358,"",unclassified,"s. 10(3)(f)","CA-NS","effectiveFrom=null; effectiveTo=null; status=in_force; basis=recorded_gap_commencement_not_read (recorded as "same as 355")","no recorded legacy subject"
CRP-LSRC-0359,"",unclassified,"s. 10(3)(g)","CA-NS","effectiveFrom=null; effectiveTo=null; status=in_force; basis=recorded_gap_commencement_not_read (recorded as "same as 355")","no recorded legacy subject"
CRP-LSRC-0360,"",unclassified,"s. 10(3)(ha)","CA-NS","effectiveFrom=null; effectiveTo=null; status=in_force; basis=recorded_gap_commencement_not_read (recorded as "same as 355")","no recorded legacy subject"
CRP-LSRC-0361,"",unclassified,"s. 8(1)","CA-NS","effectiveFrom=2015-09-01; effectiveTo=null; status=in_force; basis=printed_effective_date_note","no recorded legacy subject"
CRP-LSRC-0362,"",unclassified,"s. 9(3)(a)","CA-ON","effectiveFrom=null; effectiveTo=null; status=in_force; basis=recorded_gap_commencement_not_read","no recorded legacy subject"
CRP-LSRC-0363,"",unclassified,"s. 9(3)(b)","CA-ON","effectiveFrom=null; effectiveTo=null; status=in_force; basis=recorded_gap_commencement_not_read (recorded as "same as 363")","no recorded legacy subject"
CRP-LSRC-0364,"",unclassified,"s. 9(3)(c)","CA-ON","effectiveFrom=null; effectiveTo=null; status=in_force; basis=recorded_gap_commencement_not_read (recorded as "same as 363")","no recorded legacy subject"
CRP-LSRC-0365,"",unclassified,"s. 9(3)(d)","CA-ON","effectiveFrom=null; effectiveTo=null; status=in_force; basis=recorded_gap_commencement_not_read (recorded as "same as 363")","no recorded legacy subject"
CRP-LSRC-0366,"",unclassified,"s. 9(3)(e)","CA-ON","effectiveFrom=null; effectiveTo=null; status=in_force; basis=recorded_gap_commencement_not_read (recorded as "same as 363")","no recorded legacy subject"
CRP-LSRC-0367,"",unclassified,"s. 9(3)(f)","CA-ON","effectiveFrom=null; effectiveTo=null; status=in_force; basis=recorded_gap_commencement_not_read (recorded as "same as 363")","no recorded legacy subject"
CRP-LSRC-0368,"",unclassified,"s. 9(3)(i)","CA-ON","effectiveFrom=null; effectiveTo=null; status=in_force; basis=recorded_gap_commencement_not_read (recorded as "same as 363")","no recorded legacy subject"
CRP-LSRC-0369,"",unclassified,"s. 9(3)(j)","CA-ON","effectiveFrom=null; effectiveTo=null; status=in_force; basis=recorded_gap_commencement_not_read (recorded as "same as 363")","no recorded legacy subject"
CRP-LSRC-0370,"",unclassified,"s. 9(3)(k)","CA-ON","effectiveFrom=null; effectiveTo=null; status=in_force; basis=recorded_gap_commencement_not_read (recorded as "same as 363")","no recorded legacy subject"
CRP-LSRC-0371,"",unclassified,"s. 9(3)(l)","CA-ON","effectiveFrom=null; effectiveTo=null; status=in_force; basis=recorded_gap_commencement_not_read (recorded as "same as 363")","no recorded legacy subject"
CRP-LSRC-0372,"",unclassified,"s. 9(3)(m)","CA-ON","effectiveFrom=null; effectiveTo=null; status=in_force; basis=recorded_gap_commencement_not_read (recorded as "same as 363")","no recorded legacy subject"
CRP-LSRC-0405,"judgment",period_executable,"Judgment data (6 years live use; 11 years including profiling)","UK","years=6; start=`the date of the judgment`","recorded period (6 years)"
CRP-LSRC-0406,"bankruptcy",period_executable,"Insolvency data (6 years from the start date, or until the stated end date if later)","UK","years=6; start=`the start date of the insolvency (or its end date, if later)`","recorded period (6 years)"
CRP-LSRC-0407,"accuracy_duty",off_report,"UK GDPR Articles 5(1)(d) and 16 (accuracy; right to rectification)","UK","years=NOT RECORDED","recorded subject 'accuracy_duty' names a purpose/communication/process/duty, not a printed report fact"
CRP-LSRC-0408,"",unclassified,"`Credit account performance data — 6 years for live decision-making (the tables retain longe…` (recorded label)","UK","years=6; start=`the date of default`","no recorded legacy subject"
CRP-LSRC-0409,"",unclassified,"`Credit account performance data — 6 years for live decision-making from the date the accoun…` (recorded label)","UK","years=6; start=`the date the account is settled or closed`","no recorded legacy subject"
CRP-LSRC-0410,"collection",period_executable,"NOT RECORDED (`section: null`)","UK","years=1; start=`the date of the search`","recorded period (6,3,6,3,2,6,1 years)"
CRP-LSRC-0411,"",unclassified,"`Credit account performance data — 6 years for live decision-making from the date the accoun…` (recorded label)","UK","years=6; start=`the date the arrears were recorded`","no recorded legacy subject"
CRP-LSRC-0422,"credit_enquiry",period_executable,"s. 20W table, item 3 (information of a kind referred to in s. 6N(d) or (e))","AU","years=5; start=`the day the information request was made`","recorded period (5 years)"
CRP-LSRC-0423,"collection",period_executable,"s. 20W table, item 4 (default information)","AU","years=5; start=`the day the credit reporting body collected the default information`","recorded period (5 years)"
CRP-LSRC-0424,"negative_info",period_executable,"s. 20W table, item 5 (payment information)","AU","years=5; start=`the day the related default information was collected`","recorded period (5 years)"
CRP-LSRC-0425,"negative_info",period_executable,"s. 20W table, items 6 and 7 (new arrangement information, s. 6S)","AU","years=2; start=`the day the related default information was collected`","recorded period (2 years)"
CRP-LSRC-0426,"judgment",period_executable,"s. 20W table, item 8 (court proceedings information)","AU","years=5; start=`the day the judgment was made or given`","recorded period (5 years)"
CRP-LSRC-0427,"serious_credit_infringement",period_executable,"s. 20W table, item 9 (information of a kind referred to in s. 6N(l))","AU","years=7; start=`the day the credit reporting body collected the information`","recorded period (7 years)"
CRP-LSRC-0428,"negative_info",period_executable,"s. 20W table, item 1 (consumer credit liability information)","AU","years=2; start=`the day the credit account was terminated or ceased to be in force`","recorded period (2 years)"
CRP-LSRC-0429,"repayment_history",period_executable,"s. 20W table, item 2 (repayment history information)","AU","years=2; start=`the day the monthly payment was due and payable`","recorded period (2 years)"
CRP-LSRC-0430,"bankruptcy",period_executable,"s. 20X table, item 1 (personal insolvency information — bankruptcy)","AU","years=5; start=`whichever ends later: 5 years from becoming bankrupt, or 2 years from the day the bankruptc…` (recorded)","recorded period (5 years)"
CRP-LSRC-0431,"consumer_proposal",period_executable,"s. 20X table, items 2 and 3 (personal insolvency agreement)","AU","years=5; start=`the day the agreement was executed`","recorded period (5 years)"
CRP-LSRC-0432,"debt_management_plan",period_executable,"s. 20X table, items 4 and 5 (debt agreement)","AU","years=5; start=`the day the agreement was made`","recorded period (5 years)"
CRP-LSRC-0433,"retention_duty",off_report,"s. 20Z","AU","years=NOT RECORDED","recorded subject 'retention_duty' names a purpose/communication/process/duty, not a printed report fact"
CRP-LSRC-0434,"accuracy_duty",off_report,"Schedule 1, Australian Privacy Principles 10 (quality) and 13 (correction)","AU","years=NOT RECORDED","recorded subject 'accuracy_duty' names a purpose/communication/process/duty, not a printed report fact"
