country,region,name,accepted_exact_records,mapped_exact_records,period_executable_candidates_exact,adapter_coverage,report_format_dependency,working_evaluation_support,batch,launch_ready,report_format_support,evaluation_support,account_isolation,upload_service,billing,entitlement_enforced,deletion_never_gated,services_hardened,retention_and_deletion,vertical_slice_exercised,applicability_state,applicability_confirmed,format_path_for_the_market,supported_format_families,executable_checks,factual_checks,policy_observations,assessment_kinds,working_assessment,infrastructure_validation,b3_row_status,concrete_blockers,residual_blockers,blockers
CA,CA-AB,Alberta,4,0,0,CA-AB-CPA-CPRR-S4-B-DEBT-LAST-PAYMENT-6Y@EXACT_MATCH,REPORT_FORMAT_AND_APPLICATION_DEPENDENCIES,EXERCISED_LOCALLY,CA-SHARED-ENGINE,False,EXERCISED_LOCALLY:PR-01,EXERCISED_LOCALLY:0_CHECKS,EXERCISED_LOCALLY_NOT_LAUNCH_VALIDATED,EXERCISED_LOCALLY:ALL_82,ENTITLEMENT_ENFORCED_SERVER_SIDE_PROVIDER_NOT_CONFIGURED,SERVER_SIDE_ON_PAID_ACTIONS_ONLY,True,EXERCISED_LOCALLY,DEFINED_AND_PUBLISHED,True,MEANINGFUL_STATUTORY_AND_FACTUAL_ASSESSMENT,False,REGISTERED_FOR_THE_MARKET,PR-01,0,4,0,REPORT_FACT_CONSISTENCY; STATUTORY_RULE_COMPARISON,True,EXERCISED_LOCALLY_NOT_LAUNCH_VALIDATED,MEANINGFUL_STATUTORY_AND_FACTUAL_ASSESSMENT,LEGACY_OPERATIONAL_MAPPING_NOT_ESTABLISHED; REGISTER_DISPOSITION_UNRESOLVED; SECTION_NOT_VERIFIED_IN_THE_LEGACY_REGISTRY,,APPLICABILITY_RELATION_UNRESOLVED
CA,CA-BC,British Columbia,4,0,0,CA-BC-BPCPA-S109-1-B-MOST-RELIABLE-EVIDENCE@EXACT_MATCH,REPORT_FORMAT_AND_APPLICATION_DEPENDENCIES,EXERCISED_LOCALLY,CA-SHARED-ENGINE,False,EXERCISED_LOCALLY:PR-01,EXERCISED_LOCALLY:0_CHECKS,EXERCISED_LOCALLY_NOT_LAUNCH_VALIDATED,EXERCISED_LOCALLY:ALL_82,ENTITLEMENT_ENFORCED_SERVER_SIDE_PROVIDER_NOT_CONFIGURED,SERVER_SIDE_ON_PAID_ACTIONS_ONLY,True,EXERCISED_LOCALLY,DEFINED_AND_PUBLISHED,True,MEANINGFUL_STATUTORY_AND_FACTUAL_ASSESSMENT,False,REGISTERED_FOR_THE_MARKET,PR-01,0,4,0,REPORT_FACT_CONSISTENCY; STATUTORY_RULE_COMPARISON,True,EXERCISED_LOCALLY_NOT_LAUNCH_VALIDATED,MEANINGFUL_STATUTORY_AND_FACTUAL_ASSESSMENT,LEGACY_OPERATIONAL_MAPPING_NOT_ESTABLISHED; REGISTER_DISPOSITION_UNRESOLVED; SECTION_NOT_VERIFIED_IN_THE_LEGACY_REGISTRY,,APPLICABILITY_RELATION_UNRESOLVED
CA,CA-MB,Manitoba,4,0,0,CA-MB-PIA-S4-E-JUDGMENT-CONTENT-OMISSION@EXACT_MATCH,REPORT_FORMAT_AND_APPLICATION_DEPENDENCIES,EXERCISED_LOCALLY,CA-SHARED-ENGINE,False,EXERCISED_LOCALLY:PR-01,EXERCISED_LOCALLY:0_CHECKS,EXERCISED_LOCALLY_NOT_LAUNCH_VALIDATED,EXERCISED_LOCALLY:ALL_82,ENTITLEMENT_ENFORCED_SERVER_SIDE_PROVIDER_NOT_CONFIGURED,SERVER_SIDE_ON_PAID_ACTIONS_ONLY,True,EXERCISED_LOCALLY,DEFINED_AND_PUBLISHED,True,MEANINGFUL_STATUTORY_AND_FACTUAL_ASSESSMENT,False,REGISTERED_FOR_THE_MARKET,PR-01,0,4,0,REPORT_FACT_CONSISTENCY; STATUTORY_RULE_COMPARISON,True,EXERCISED_LOCALLY_NOT_LAUNCH_VALIDATED,MEANINGFUL_STATUTORY_AND_FACTUAL_ASSESSMENT,LEGACY_OPERATIONAL_MAPPING_NOT_ESTABLISHED; REGISTER_DISPOSITION_UNRESOLVED; SECTION_NOT_VERIFIED_IN_THE_LEGACY_REGISTRY,,APPLICABILITY_RELATION_UNRESOLVED
CA,CA-NB,New Brunswick,4,0,0,CA-NB-CRSA-S10-3-F-JUDGMENT-CONTENT-OMISSION@EXACT_MATCH,REPORT_FORMAT_AND_APPLICATION_DEPENDENCIES,EXERCISED_LOCALLY,CA-SHARED-ENGINE,False,EXERCISED_LOCALLY:PR-01,EXERCISED_LOCALLY:0_CHECKS,EXERCISED_LOCALLY_NOT_LAUNCH_VALIDATED,EXERCISED_LOCALLY:ALL_82,ENTITLEMENT_ENFORCED_SERVER_SIDE_PROVIDER_NOT_CONFIGURED,SERVER_SIDE_ON_PAID_ACTIONS_ONLY,True,EXERCISED_LOCALLY,DEFINED_AND_PUBLISHED,True,MEANINGFUL_STATUTORY_AND_FACTUAL_ASSESSMENT,False,REGISTERED_FOR_THE_MARKET,PR-01,0,4,0,REPORT_FACT_CONSISTENCY; STATUTORY_RULE_COMPARISON,True,EXERCISED_LOCALLY_NOT_LAUNCH_VALIDATED,MEANINGFUL_STATUTORY_AND_FACTUAL_ASSESSMENT,LEGACY_OPERATIONAL_MAPPING_NOT_ESTABLISHED; REGISTER_DISPOSITION_UNRESOLVED; SECTION_NOT_VERIFIED_IN_THE_LEGACY_REGISTRY,,APPLICABILITY_RELATION_UNRESOLVED
CA,CA-NL,Newfoundland and Labrador,4,0,0,CA-NL-CPBPA-S39-1-G-DISMISSED-CHARGE@EXACT_MATCH,REPORT_FORMAT_AND_APPLICATION_DEPENDENCIES,EXERCISED_LOCALLY,CA-SHARED-ENGINE,False,EXERCISED_LOCALLY:PR-01,EXERCISED_LOCALLY:0_CHECKS,EXERCISED_LOCALLY_NOT_LAUNCH_VALIDATED,EXERCISED_LOCALLY:ALL_82,ENTITLEMENT_ENFORCED_SERVER_SIDE_PROVIDER_NOT_CONFIGURED,SERVER_SIDE_ON_PAID_ACTIONS_ONLY,True,EXERCISED_LOCALLY,DEFINED_AND_PUBLISHED,True,MEANINGFUL_STATUTORY_AND_FACTUAL_ASSESSMENT,False,REGISTERED_FOR_THE_MARKET,PR-01,0,4,0,REPORT_FACT_CONSISTENCY; STATUTORY_RULE_COMPARISON,True,EXERCISED_LOCALLY_NOT_LAUNCH_VALIDATED,MEANINGFUL_STATUTORY_AND_FACTUAL_ASSESSMENT,LEGACY_OPERATIONAL_MAPPING_NOT_ESTABLISHED; REGISTER_DISPOSITION_UNRESOLVED; SECTION_NOT_VERIFIED_IN_THE_LEGACY_REGISTRY,,APPLICABILITY_RELATION_UNRESOLVED
CA,CA-NS,Nova Scotia,15,12,2,CA-NS-CRA-S10-3-C-LIMB-1@EXACT_MATCH; CA-NS-CRA-S10-3-E-BANKRUPTCY-6Y@EXACT_MATCH; CA-NS-CRA-S10-3-D-JUDGMENT-CONTENT@EXACT_MATCH; CA-NS-CRA-S10-3-F-DISMISSED-CHARGE@EXACT_MATCH,REPORT_FORMAT_AND_APPLICATION_DEPENDENCIES,EXERCISED_LOCALLY,CA-SHARED-ENGINE,False,EXERCISED_LOCALLY:PR-01,EXERCISED_LOCALLY:2_CHECKS,EXERCISED_LOCALLY_NOT_LAUNCH_VALIDATED,EXERCISED_LOCALLY:ALL_82,ENTITLEMENT_ENFORCED_SERVER_SIDE_PROVIDER_NOT_CONFIGURED,SERVER_SIDE_ON_PAID_ACTIONS_ONLY,True,EXERCISED_LOCALLY,DEFINED_AND_PUBLISHED,True,MEANINGFUL_STATUTORY_AND_FACTUAL_ASSESSMENT,False,REGISTERED_FOR_THE_MARKET,PR-01,2,4,0,STATUTORY_RULE_COMPARISON; REPORT_FACT_CONSISTENCY,True,EXERCISED_LOCALLY_NOT_LAUNCH_VALIDATED,MEANINGFUL_STATUTORY_AND_FACTUAL_ASSESSMENT,DUPLICATE_IDENTITY_BOOKKEEPING; INSTRUMENT_CLASS_CONFIRMATION; LEGACY_OPERATIONAL_MAPPING_NOT_ESTABLISHED; REGISTER_DISPOSITION_UNRESOLVED; SECTION_NOT_VERIFIED_IN_THE_LEGACY_REGISTRY,,APPLICABILITY_RELATION_UNRESOLVED
CA,CA-NT,Northwest Territories,3,0,0,CA-NT-PIPEDA-SCH1-4-6-ACCURACY@EXACT_MATCH,REPORT_FORMAT_AND_APPLICATION_DEPENDENCIES,EXERCISED_LOCALLY,CA-SHARED-ENGINE,False,EXERCISED_LOCALLY:PR-01,EXERCISED_LOCALLY:0_CHECKS,EXERCISED_LOCALLY_NOT_LAUNCH_VALIDATED,EXERCISED_LOCALLY:ALL_82,ENTITLEMENT_ENFORCED_SERVER_SIDE_PROVIDER_NOT_CONFIGURED,SERVER_SIDE_ON_PAID_ACTIONS_ONLY,True,EXERCISED_LOCALLY,DEFINED_AND_PUBLISHED,True,MEANINGFUL_STATUTORY_AND_FACTUAL_ASSESSMENT,False,REGISTERED_FOR_THE_MARKET,PR-01,0,4,0,REPORT_FACT_CONSISTENCY; STATUTORY_RULE_COMPARISON,True,EXERCISED_LOCALLY_NOT_LAUNCH_VALIDATED,MEANINGFUL_STATUTORY_AND_FACTUAL_ASSESSMENT,LEGACY_OPERATIONAL_MAPPING_NOT_ESTABLISHED; REGISTER_DISPOSITION_UNRESOLVED; SECTION_NOT_VERIFIED_IN_THE_LEGACY_REGISTRY,,APPLICABILITY_RELATION_UNRESOLVED
CA,CA-NU,Nunavut,3,0,0,CA-NU-PIPEDA-SCH1-4-6-ACCURACY@EXACT_MATCH,REPORT_FORMAT_AND_APPLICATION_DEPENDENCIES,EXERCISED_LOCALLY,CA-SHARED-ENGINE,False,EXERCISED_LOCALLY:PR-01,EXERCISED_LOCALLY:0_CHECKS,EXERCISED_LOCALLY_NOT_LAUNCH_VALIDATED,EXERCISED_LOCALLY:ALL_82,ENTITLEMENT_ENFORCED_SERVER_SIDE_PROVIDER_NOT_CONFIGURED,SERVER_SIDE_ON_PAID_ACTIONS_ONLY,True,EXERCISED_LOCALLY,DEFINED_AND_PUBLISHED,True,MEANINGFUL_STATUTORY_AND_FACTUAL_ASSESSMENT,False,REGISTERED_FOR_THE_MARKET,PR-01,0,4,0,REPORT_FACT_CONSISTENCY; STATUTORY_RULE_COMPARISON,True,EXERCISED_LOCALLY_NOT_LAUNCH_VALIDATED,MEANINGFUL_STATUTORY_AND_FACTUAL_ASSESSMENT,LEGACY_OPERATIONAL_MAPPING_NOT_ESTABLISHED; REGISTER_DISPOSITION_UNRESOLVED; SECTION_NOT_VERIFIED_IN_THE_LEGACY_REGISTRY,,APPLICABILITY_RELATION_UNRESOLVED
CA,CA-ON,Ontario,15,12,0,CA-ON-CRA-S9-3-A-RELIABLE-EVIDENCE-BASIS@EXACT_MATCH,REPORT_FORMAT_AND_APPLICATION_DEPENDENCIES,EXERCISED_LOCALLY,CA-SHARED-ENGINE,False,EXERCISED_LOCALLY:PR-01,EXERCISED_LOCALLY:0_CHECKS,EXERCISED_LOCALLY_NOT_LAUNCH_VALIDATED,EXERCISED_LOCALLY:ALL_82,ENTITLEMENT_ENFORCED_SERVER_SIDE_PROVIDER_NOT_CONFIGURED,SERVER_SIDE_ON_PAID_ACTIONS_ONLY,True,EXERCISED_LOCALLY,DEFINED_AND_PUBLISHED,True,MEANINGFUL_STATUTORY_AND_FACTUAL_ASSESSMENT,False,REGISTERED_FOR_THE_MARKET,PR-01,0,4,0,REPORT_FACT_CONSISTENCY; STATUTORY_RULE_COMPARISON,True,EXERCISED_LOCALLY_NOT_LAUNCH_VALIDATED,MEANINGFUL_STATUTORY_AND_FACTUAL_ASSESSMENT,DUPLICATE_IDENTITY_BOOKKEEPING; INSTRUMENT_CLASS_CONFIRMATION; LEGACY_OPERATIONAL_MAPPING_NOT_ESTABLISHED; REGISTER_DISPOSITION_UNRESOLVED; SECTION_NOT_VERIFIED_IN_THE_LEGACY_REGISTRY,,APPLICABILITY_RELATION_UNRESOLVED
CA,CA-PE,Prince Edward Island,4,0,0,CA-PE-CRA-S9-3-D-JUDGMENT-CONTENT-OMISSION@EXACT_MATCH; CA-PE-CRA-S9-3-J-DISMISSED-CHARGE@EXACT_MATCH,REPORT_FORMAT_AND_APPLICATION_DEPENDENCIES,EXERCISED_LOCALLY,CA-SHARED-ENGINE,False,EXERCISED_LOCALLY:PR-01,EXERCISED_LOCALLY:0_CHECKS,EXERCISED_LOCALLY_NOT_LAUNCH_VALIDATED,EXERCISED_LOCALLY:ALL_82,ENTITLEMENT_ENFORCED_SERVER_SIDE_PROVIDER_NOT_CONFIGURED,SERVER_SIDE_ON_PAID_ACTIONS_ONLY,True,EXERCISED_LOCALLY,DEFINED_AND_PUBLISHED,True,MEANINGFUL_STATUTORY_AND_FACTUAL_ASSESSMENT,False,REGISTERED_FOR_THE_MARKET,PR-01,0,4,0,REPORT_FACT_CONSISTENCY; STATUTORY_RULE_COMPARISON,True,EXERCISED_LOCALLY_NOT_LAUNCH_VALIDATED,MEANINGFUL_STATUTORY_AND_FACTUAL_ASSESSMENT,LEGACY_OPERATIONAL_MAPPING_NOT_ESTABLISHED; REGISTER_DISPOSITION_UNRESOLVED; SECTION_NOT_VERIFIED_IN_THE_LEGACY_REGISTRY,,APPLICABILITY_RELATION_UNRESOLVED
CA,CA-QC,Quebec,2,0,0,CA-QC-P-39-1-S11-ACCURACY@EXACT_MATCH,REPORT_FORMAT_AND_APPLICATION_DEPENDENCIES,EXERCISED_LOCALLY,CA-SHARED-ENGINE,False,EXERCISED_LOCALLY:PR-01,EXERCISED_LOCALLY:0_CHECKS,EXERCISED_LOCALLY_NOT_LAUNCH_VALIDATED,EXERCISED_LOCALLY:ALL_82,ENTITLEMENT_ENFORCED_SERVER_SIDE_PROVIDER_NOT_CONFIGURED,SERVER_SIDE_ON_PAID_ACTIONS_ONLY,True,EXERCISED_LOCALLY,DEFINED_AND_PUBLISHED,True,MEANINGFUL_STATUTORY_AND_FACTUAL_ASSESSMENT,False,REGISTERED_FOR_THE_MARKET,PR-01,0,4,0,REPORT_FACT_CONSISTENCY; STATUTORY_RULE_COMPARISON,True,EXERCISED_LOCALLY_NOT_LAUNCH_VALIDATED,MEANINGFUL_STATUTORY_AND_FACTUAL_ASSESSMENT,INSTRUMENT_CLASS_CONFIRMATION; LEGACY_OPERATIONAL_MAPPING_NOT_ESTABLISHED; REGISTER_DISPOSITION_UNRESOLVED; SECTION_NOT_VERIFIED_IN_THE_LEGACY_REGISTRY,,APPLICABILITY_RELATION_UNRESOLVED
CA,CA-SK,Saskatchewan,4,0,0,CA-SK-CRA-S18-B-MOST-RELIABLE-EVIDENCE@EXACT_MATCH; CA-SK-CRA-S18-J-JUDGMENT-CONTENT-OMISSION@EXACT_MATCH,REPORT_FORMAT_AND_APPLICATION_DEPENDENCIES,EXERCISED_LOCALLY,CA-SHARED-ENGINE,False,EXERCISED_LOCALLY:PR-01,EXERCISED_LOCALLY:0_CHECKS,EXERCISED_LOCALLY_NOT_LAUNCH_VALIDATED,EXERCISED_LOCALLY:ALL_82,ENTITLEMENT_ENFORCED_SERVER_SIDE_PROVIDER_NOT_CONFIGURED,SERVER_SIDE_ON_PAID_ACTIONS_ONLY,True,EXERCISED_LOCALLY,DEFINED_AND_PUBLISHED,False,MEANINGFUL_STATUTORY_AND_FACTUAL_ASSESSMENT,False,REGISTERED_FOR_THE_MARKET,PR-01,0,4,0,REPORT_FACT_CONSISTENCY; STATUTORY_RULE_COMPARISON,True,EXERCISED_LOCALLY_NOT_LAUNCH_VALIDATED,MEANINGFUL_STATUTORY_AND_FACTUAL_ASSESSMENT,LEGACY_OPERATIONAL_MAPPING_NOT_ESTABLISHED; REGISTER_DISPOSITION_UNRESOLVED; SECTION_NOT_VERIFIED_IN_THE_LEGACY_REGISTRY,,APPLICABILITY_RELATION_UNRESOLVED
CA,CA-YT,Yukon,3,0,0,CA-YT-PIPEDA-SCH1-4-6-ACCURACY@EXACT_MATCH,REPORT_FORMAT_AND_APPLICATION_DEPENDENCIES,EXERCISED_LOCALLY,CA-SHARED-ENGINE,False,EXERCISED_LOCALLY:PR-01,EXERCISED_LOCALLY:0_CHECKS,EXERCISED_LOCALLY_NOT_LAUNCH_VALIDATED,EXERCISED_LOCALLY:ALL_82,ENTITLEMENT_ENFORCED_SERVER_SIDE_PROVIDER_NOT_CONFIGURED,SERVER_SIDE_ON_PAID_ACTIONS_ONLY,True,EXERCISED_LOCALLY,DEFINED_AND_PUBLISHED,True,MEANINGFUL_STATUTORY_AND_FACTUAL_ASSESSMENT,False,REGISTERED_FOR_THE_MARKET,PR-01,0,4,0,REPORT_FACT_CONSISTENCY; STATUTORY_RULE_COMPARISON,True,EXERCISED_LOCALLY_NOT_LAUNCH_VALIDATED,MEANINGFUL_STATUTORY_AND_FACTUAL_ASSESSMENT,LEGACY_OPERATIONAL_MAPPING_NOT_ESTABLISHED; REGISTER_DISPOSITION_UNRESOLVED; SECTION_NOT_VERIFIED_IN_THE_LEGACY_REGISTRY,,APPLICABILITY_RELATION_UNRESOLVED
US,US-AK,Alaska,1,1,0,FCRA-605A-1-US-NATIONAL-10Y@CONFIRMED_FEDERAL_PROHIBITION_APPLIES; FCRA-605A-2-US-NATIONAL-7Y@CONFIRMED_FEDERAL_PROHIBITION_APPLIES; FCRA-605A-3-US-NATIONAL-7Y@CONFIRMED_FEDERAL_PROHIBITION_APPLIES; FCRA-605A-4-US-NATIONAL-7Y@CONFIRMED_FEDERAL_PROHIBITION_APPLIES; FCRA-605A-5-US-NATIONAL-7Y@CONFIRMED_FEDERAL_PROHIBITION_APPLIES,REPORT_FORMAT_AND_APPLICATION_DEPENDENCIES,EXERCISED_LOCALLY,US-SHARED-ENGINE,False,EXERCISED_LOCALLY:US-CONSUMER-DISCLOSURE,EXERCISED_LOCALLY:1_CHECKS,EXERCISED_LOCALLY_NOT_LAUNCH_VALIDATED,EXERCISED_LOCALLY:ALL_82,ENTITLEMENT_ENFORCED_SERVER_SIDE_PROVIDER_NOT_CONFIGURED,SERVER_SIDE_ON_PAID_ACTIONS_ONLY,True,EXERCISED_LOCALLY,DEFINED_AND_PUBLISHED,True,MEANINGFUL_STATUTORY_ASSESSMENT,True,REGISTERED_FOR_THE_MARKET,US-CONSUMER-DISCLOSURE,1,0,0,STATUTORY_RULE_COMPARISON,True,EXERCISED_LOCALLY_NOT_LAUNCH_VALIDATED,MEANINGFUL_STATUTORY_ASSESSMENT,INSTRUMENT_CLASS_CONFIRMATION; REGISTER_DISPOSITION_UNRESOLVED,,
US,US-AL,Alabama,3,3,0,FCRA-605A-1-US-NATIONAL-10Y@CONFIRMED_FEDERAL_PROHIBITION_APPLIES; FCRA-605A-2-US-NATIONAL-7Y@CONFIRMED_FEDERAL_PROHIBITION_APPLIES; FCRA-605A-3-US-NATIONAL-7Y@CONFIRMED_FEDERAL_PROHIBITION_APPLIES; FCRA-605A-4-US-NATIONAL-7Y@CONFIRMED_FEDERAL_PROHIBITION_APPLIES; FCRA-605A-5-US-NATIONAL-7Y@CONFIRMED_FEDERAL_PROHIBITION_APPLIES,REPORT_FORMAT_AND_APPLICATION_DEPENDENCIES,EXERCISED_LOCALLY,US-SHARED-ENGINE,False,EXERCISED_LOCALLY:US-CONSUMER-DISCLOSURE,EXERCISED_LOCALLY:1_CHECKS,EXERCISED_LOCALLY_NOT_LAUNCH_VALIDATED,EXERCISED_LOCALLY:ALL_82,ENTITLEMENT_ENFORCED_SERVER_SIDE_PROVIDER_NOT_CONFIGURED,SERVER_SIDE_ON_PAID_ACTIONS_ONLY,True,EXERCISED_LOCALLY,DEFINED_AND_PUBLISHED,True,MEANINGFUL_STATUTORY_ASSESSMENT,True,REGISTERED_FOR_THE_MARKET,US-CONSUMER-DISCLOSURE,1,0,0,STATUTORY_RULE_COMPARISON,True,EXERCISED_LOCALLY_NOT_LAUNCH_VALIDATED,MEANINGFUL_STATUTORY_ASSESSMENT,INSTRUMENT_CLASS_CONFIRMATION; REGISTER_DISPOSITION_UNRESOLVED,,
US,US-AR,Arkansas,3,3,0,FCRA-605A-1-US-NATIONAL-10Y@CONFIRMED_FEDERAL_PROHIBITION_APPLIES; FCRA-605A-2-US-NATIONAL-7Y@CONFIRMED_FEDERAL_PROHIBITION_APPLIES; FCRA-605A-3-US-NATIONAL-7Y@CONFIRMED_FEDERAL_PROHIBITION_APPLIES; FCRA-605A-4-US-NATIONAL-7Y@CONFIRMED_FEDERAL_PROHIBITION_APPLIES; FCRA-605A-5-US-NATIONAL-7Y@CONFIRMED_FEDERAL_PROHIBITION_APPLIES,REPORT_FORMAT_AND_APPLICATION_DEPENDENCIES,EXERCISED_LOCALLY,US-SHARED-ENGINE,False,EXERCISED_LOCALLY:US-CONSUMER-DISCLOSURE,EXERCISED_LOCALLY:1_CHECKS,EXERCISED_LOCALLY_NOT_LAUNCH_VALIDATED,EXERCISED_LOCALLY:ALL_82,ENTITLEMENT_ENFORCED_SERVER_SIDE_PROVIDER_NOT_CONFIGURED,SERVER_SIDE_ON_PAID_ACTIONS_ONLY,True,EXERCISED_LOCALLY,DEFINED_AND_PUBLISHED,True,MEANINGFUL_STATUTORY_ASSESSMENT,True,REGISTERED_FOR_THE_MARKET,US-CONSUMER-DISCLOSURE,1,0,0,STATUTORY_RULE_COMPARISON,True,EXERCISED_LOCALLY_NOT_LAUNCH_VALIDATED,MEANINGFUL_STATUTORY_ASSESSMENT,INSTRUMENT_CLASS_CONFIRMATION; REGISTER_DISPOSITION_UNRESOLVED,,
US,US-AS,American Samoa,2,2,0,FCRA-605A-1-US-NATIONAL-10Y@CONFIRMED_FEDERAL_PROHIBITION_APPLIES; FCRA-605A-2-US-NATIONAL-7Y@CONFIRMED_FEDERAL_PROHIBITION_APPLIES; FCRA-605A-3-US-NATIONAL-7Y@CONFIRMED_FEDERAL_PROHIBITION_APPLIES; FCRA-605A-4-US-NATIONAL-7Y@CONFIRMED_FEDERAL_PROHIBITION_APPLIES; FCRA-605A-5-US-NATIONAL-7Y@CONFIRMED_FEDERAL_PROHIBITION_APPLIES,REPORT_FORMAT_AND_APPLICATION_DEPENDENCIES,EXERCISED_LOCALLY,US-SHARED-ENGINE,False,EXERCISED_LOCALLY:US-CONSUMER-DISCLOSURE,EXERCISED_LOCALLY:1_CHECKS,EXERCISED_LOCALLY_NOT_LAUNCH_VALIDATED,EXERCISED_LOCALLY:ALL_82,ENTITLEMENT_ENFORCED_SERVER_SIDE_PROVIDER_NOT_CONFIGURED,SERVER_SIDE_ON_PAID_ACTIONS_ONLY,True,EXERCISED_LOCALLY,DEFINED_AND_PUBLISHED,True,MEANINGFUL_STATUTORY_ASSESSMENT,True,REGISTERED_FOR_THE_MARKET,US-CONSUMER-DISCLOSURE,1,0,0,STATUTORY_RULE_COMPARISON,True,EXERCISED_LOCALLY_NOT_LAUNCH_VALIDATED,MEANINGFUL_STATUTORY_ASSESSMENT,REGISTER_DISPOSITION_UNRESOLVED,,
US,US-AZ,Arizona,1,1,0,FCRA-605A-1-US-NATIONAL-10Y@CONFIRMED_FEDERAL_PROHIBITION_APPLIES; FCRA-605A-2-US-NATIONAL-7Y@CONFIRMED_FEDERAL_PROHIBITION_APPLIES; FCRA-605A-3-US-NATIONAL-7Y@CONFIRMED_FEDERAL_PROHIBITION_APPLIES; FCRA-605A-4-US-NATIONAL-7Y@CONFIRMED_FEDERAL_PROHIBITION_APPLIES; FCRA-605A-5-US-NATIONAL-7Y@CONFIRMED_FEDERAL_PROHIBITION_APPLIES,REPORT_FORMAT_AND_APPLICATION_DEPENDENCIES,EXERCISED_LOCALLY,US-SHARED-ENGINE,False,EXERCISED_LOCALLY:US-CONSUMER-DISCLOSURE,EXERCISED_LOCALLY:1_CHECKS,EXERCISED_LOCALLY_NOT_LAUNCH_VALIDATED,EXERCISED_LOCALLY:ALL_82,ENTITLEMENT_ENFORCED_SERVER_SIDE_PROVIDER_NOT_CONFIGURED,SERVER_SIDE_ON_PAID_ACTIONS_ONLY,True,EXERCISED_LOCALLY,DEFINED_AND_PUBLISHED,True,MEANINGFUL_STATUTORY_ASSESSMENT,True,REGISTERED_FOR_THE_MARKET,US-CONSUMER-DISCLOSURE,1,0,0,STATUTORY_RULE_COMPARISON,True,EXERCISED_LOCALLY_NOT_LAUNCH_VALIDATED,MEANINGFUL_STATUTORY_ASSESSMENT,INSTRUMENT_CLASS_CONFIRMATION; REGISTER_DISPOSITION_UNRESOLVED,,
US,US-CA,California,59,54,1,FCRA-605A-1-US-NATIONAL-10Y@CONFIRMED_FEDERAL_PROHIBITION_APPLIES; FCRA-605A-2-US-NATIONAL-7Y@CONFIRMED_FEDERAL_PROHIBITION_APPLIES; FCRA-605A-3-US-NATIONAL-7Y@CONFIRMED_FEDERAL_PROHIBITION_APPLIES; FCRA-605A-4-US-NATIONAL-7Y@CONFIRMED_FEDERAL_PROHIBITION_APPLIES; FCRA-605A-5-US-NATIONAL-7Y@CONFIRMED_FEDERAL_PROHIBITION_APPLIES; US-CA-CCRAA-1785-13-A-1-BANKRUPTCY-10Y@EXACT_MATCH; US-CA-CCRAA-1785-13-A-4-TAX-LIEN-PAID-7Y@EXACT_MATCH; US-CA-CCRAA-1785-13-A-5-COLLECTION-7Y@EXACT_MATCH; US-CA-CCRAA-1785-13-A-8-ADVERSE-7Y@EXACT_MATCH,REPORT_FORMAT_AND_APPLICATION_DEPENDENCIES,EXERCISED_LOCALLY,US-SHARED-ENGINE,False,EXERCISED_LOCALLY:US-CONSUMER-DISCLOSURE,EXERCISED_LOCALLY:1_CHECKS,EXERCISED_LOCALLY_NOT_LAUNCH_VALIDATED,EXERCISED_LOCALLY:ALL_82,ENTITLEMENT_ENFORCED_SERVER_SIDE_PROVIDER_NOT_CONFIGURED,SERVER_SIDE_ON_PAID_ACTIONS_ONLY,True,EXERCISED_LOCALLY,DEFINED_AND_PUBLISHED,True,MEANINGFUL_STATUTORY_ASSESSMENT,True,REGISTERED_FOR_THE_MARKET,US-CONSUMER-DISCLOSURE,1,0,0,STATUTORY_RULE_COMPARISON,True,EXERCISED_LOCALLY_NOT_LAUNCH_VALIDATED,MEANINGFUL_STATUTORY_ASSESSMENT,INSTRUMENT_CLASS_CONFIRMATION; LEGACY_OPERATIONAL_MAPPING_AMBIGUOUS:MULTIPLE_RECORDED_MATCHES; LEGACY_OPERATIONAL_MAPPING_NOT_ESTABLISHED; REGISTER_DISPOSITION_UNRESOLVED,,
US,US-CO,Colorado,1,1,0,FCRA-605A-1-US-NATIONAL-10Y@CONFIRMED_FEDERAL_PROHIBITION_APPLIES; FCRA-605A-2-US-NATIONAL-7Y@CONFIRMED_FEDERAL_PROHIBITION_APPLIES; FCRA-605A-3-US-NATIONAL-7Y@CONFIRMED_FEDERAL_PROHIBITION_APPLIES; FCRA-605A-4-US-NATIONAL-7Y@CONFIRMED_FEDERAL_PROHIBITION_APPLIES; FCRA-605A-5-US-NATIONAL-7Y@CONFIRMED_FEDERAL_PROHIBITION_APPLIES,REPORT_FORMAT_AND_APPLICATION_DEPENDENCIES,EXERCISED_LOCALLY,US-SHARED-ENGINE,False,EXERCISED_LOCALLY:US-CONSUMER-DISCLOSURE,EXERCISED_LOCALLY:1_CHECKS,EXERCISED_LOCALLY_NOT_LAUNCH_VALIDATED,EXERCISED_LOCALLY:ALL_82,ENTITLEMENT_ENFORCED_SERVER_SIDE_PROVIDER_NOT_CONFIGURED,SERVER_SIDE_ON_PAID_ACTIONS_ONLY,True,EXERCISED_LOCALLY,DEFINED_AND_PUBLISHED,True,MEANINGFUL_STATUTORY_ASSESSMENT,True,REGISTERED_FOR_THE_MARKET,US-CONSUMER-DISCLOSURE,1,0,0,STATUTORY_RULE_COMPARISON,True,EXERCISED_LOCALLY_NOT_LAUNCH_VALIDATED,MEANINGFUL_STATUTORY_ASSESSMENT,INSTRUMENT_CLASS_CONFIRMATION; REGISTER_DISPOSITION_UNRESOLVED,,
US,US-CT,Connecticut,1,1,0,FCRA-605A-1-US-NATIONAL-10Y@CONFIRMED_FEDERAL_PROHIBITION_APPLIES; FCRA-605A-2-US-NATIONAL-7Y@CONFIRMED_FEDERAL_PROHIBITION_APPLIES; FCRA-605A-3-US-NATIONAL-7Y@CONFIRMED_FEDERAL_PROHIBITION_APPLIES; FCRA-605A-4-US-NATIONAL-7Y@CONFIRMED_FEDERAL_PROHIBITION_APPLIES; FCRA-605A-5-US-NATIONAL-7Y@CONFIRMED_FEDERAL_PROHIBITION_APPLIES,REPORT_FORMAT_AND_APPLICATION_DEPENDENCIES,EXERCISED_LOCALLY,US-SHARED-ENGINE,False,EXERCISED_LOCALLY:US-CONSUMER-DISCLOSURE,EXERCISED_LOCALLY:1_CHECKS,EXERCISED_LOCALLY_NOT_LAUNCH_VALIDATED,EXERCISED_LOCALLY:ALL_82,ENTITLEMENT_ENFORCED_SERVER_SIDE_PROVIDER_NOT_CONFIGURED,SERVER_SIDE_ON_PAID_ACTIONS_ONLY,True,EXERCISED_LOCALLY,DEFINED_AND_PUBLISHED,True,MEANINGFUL_STATUTORY_ASSESSMENT,True,REGISTERED_FOR_THE_MARKET,US-CONSUMER-DISCLOSURE,1,0,0,STATUTORY_RULE_COMPARISON,True,EXERCISED_LOCALLY_NOT_LAUNCH_VALIDATED,MEANINGFUL_STATUTORY_ASSESSMENT,INSTRUMENT_CLASS_CONFIRMATION; REGISTER_DISPOSITION_UNRESOLVED,,
US,US-DC,District of Columbia,1,1,0,FCRA-605A-1-US-NATIONAL-10Y@CONFIRMED_FEDERAL_PROHIBITION_APPLIES; FCRA-605A-2-US-NATIONAL-7Y@CONFIRMED_FEDERAL_PROHIBITION_APPLIES; FCRA-605A-3-US-NATIONAL-7Y@CONFIRMED_FEDERAL_PROHIBITION_APPLIES; FCRA-605A-4-US-NATIONAL-7Y@CONFIRMED_FEDERAL_PROHIBITION_APPLIES; FCRA-605A-5-US-NATIONAL-7Y@CONFIRMED_FEDERAL_PROHIBITION_APPLIES,REPORT_FORMAT_AND_APPLICATION_DEPENDENCIES,EXERCISED_LOCALLY,US-SHARED-ENGINE,False,EXERCISED_LOCALLY:US-CONSUMER-DISCLOSURE,EXERCISED_LOCALLY:1_CHECKS,EXERCISED_LOCALLY_NOT_LAUNCH_VALIDATED,EXERCISED_LOCALLY:ALL_82,ENTITLEMENT_ENFORCED_SERVER_SIDE_PROVIDER_NOT_CONFIGURED,SERVER_SIDE_ON_PAID_ACTIONS_ONLY,True,EXERCISED_LOCALLY,DEFINED_AND_PUBLISHED,True,MEANINGFUL_STATUTORY_ASSESSMENT,True,REGISTERED_FOR_THE_MARKET,US-CONSUMER-DISCLOSURE,1,0,0,STATUTORY_RULE_COMPARISON,True,EXERCISED_LOCALLY_NOT_LAUNCH_VALIDATED,MEANINGFUL_STATUTORY_ASSESSMENT,INSTRUMENT_CLASS_CONFIRMATION; REGISTER_DISPOSITION_UNRESOLVED,,
US,US-DE,Delaware,2,2,0,FCRA-605A-1-US-NATIONAL-10Y@CONFIRMED_FEDERAL_PROHIBITION_APPLIES; FCRA-605A-2-US-NATIONAL-7Y@CONFIRMED_FEDERAL_PROHIBITION_APPLIES; FCRA-605A-3-US-NATIONAL-7Y@CONFIRMED_FEDERAL_PROHIBITION_APPLIES; FCRA-605A-4-US-NATIONAL-7Y@CONFIRMED_FEDERAL_PROHIBITION_APPLIES; FCRA-605A-5-US-NATIONAL-7Y@CONFIRMED_FEDERAL_PROHIBITION_APPLIES,REPORT_FORMAT_AND_APPLICATION_DEPENDENCIES,EXERCISED_LOCALLY,US-SHARED-ENGINE,False,EXERCISED_LOCALLY:US-CONSUMER-DISCLOSURE,EXERCISED_LOCALLY:1_CHECKS,EXERCISED_LOCALLY_NOT_LAUNCH_VALIDATED,EXERCISED_LOCALLY:ALL_82,ENTITLEMENT_ENFORCED_SERVER_SIDE_PROVIDER_NOT_CONFIGURED,SERVER_SIDE_ON_PAID_ACTIONS_ONLY,True,EXERCISED_LOCALLY,DEFINED_AND_PUBLISHED,True,MEANINGFUL_STATUTORY_ASSESSMENT,True,REGISTERED_FOR_THE_MARKET,US-CONSUMER-DISCLOSURE,1,0,0,STATUTORY_RULE_COMPARISON,True,EXERCISED_LOCALLY_NOT_LAUNCH_VALIDATED,MEANINGFUL_STATUTORY_ASSESSMENT,INSTRUMENT_CLASS_CONFIRMATION; REGISTER_DISPOSITION_UNRESOLVED,,
US,US-FL,Florida,2,1,0,FCRA-605A-1-US-NATIONAL-10Y@CONFIRMED_FEDERAL_PROHIBITION_APPLIES; FCRA-605A-2-US-NATIONAL-7Y@CONFIRMED_FEDERAL_PROHIBITION_APPLIES; FCRA-605A-3-US-NATIONAL-7Y@CONFIRMED_FEDERAL_PROHIBITION_APPLIES; FCRA-605A-4-US-NATIONAL-7Y@CONFIRMED_FEDERAL_PROHIBITION_APPLIES; FCRA-605A-5-US-NATIONAL-7Y@CONFIRMED_FEDERAL_PROHIBITION_APPLIES,REPORT_FORMAT_AND_APPLICATION_DEPENDENCIES,EXERCISED_LOCALLY,US-SHARED-ENGINE,False,EXERCISED_LOCALLY:US-CONSUMER-DISCLOSURE,EXERCISED_LOCALLY:1_CHECKS,EXERCISED_LOCALLY_NOT_LAUNCH_VALIDATED,EXERCISED_LOCALLY:ALL_82,ENTITLEMENT_ENFORCED_SERVER_SIDE_PROVIDER_NOT_CONFIGURED,SERVER_SIDE_ON_PAID_ACTIONS_ONLY,True,EXERCISED_LOCALLY,DEFINED_AND_PUBLISHED,True,MEANINGFUL_STATUTORY_ASSESSMENT,True,REGISTERED_FOR_THE_MARKET,US-CONSUMER-DISCLOSURE,1,0,0,STATUTORY_RULE_COMPARISON,True,EXERCISED_LOCALLY_NOT_LAUNCH_VALIDATED,MEANINGFUL_STATUTORY_ASSESSMENT,LEGACY_OPERATIONAL_MAPPING_AMBIGUOUS:MULTIPLE_LEGACY_ROWS_CARRY_THE_RECORDED_PROVISION; REGISTER_DISPOSITION_UNRESOLVED,,
US,US-GA,Georgia,2,2,0,FCRA-605A-1-US-NATIONAL-10Y@CONFIRMED_FEDERAL_PROHIBITION_APPLIES; FCRA-605A-2-US-NATIONAL-7Y@CONFIRMED_FEDERAL_PROHIBITION_APPLIES; FCRA-605A-3-US-NATIONAL-7Y@CONFIRMED_FEDERAL_PROHIBITION_APPLIES; FCRA-605A-4-US-NATIONAL-7Y@CONFIRMED_FEDERAL_PROHIBITION_APPLIES; FCRA-605A-5-US-NATIONAL-7Y@CONFIRMED_FEDERAL_PROHIBITION_APPLIES,REPORT_FORMAT_AND_APPLICATION_DEPENDENCIES,EXERCISED_LOCALLY,US-SHARED-ENGINE,False,EXERCISED_LOCALLY:US-CONSUMER-DISCLOSURE,EXERCISED_LOCALLY:1_CHECKS,EXERCISED_LOCALLY_NOT_LAUNCH_VALIDATED,EXERCISED_LOCALLY:ALL_82,ENTITLEMENT_ENFORCED_SERVER_SIDE_PROVIDER_NOT_CONFIGURED,SERVER_SIDE_ON_PAID_ACTIONS_ONLY,True,EXERCISED_LOCALLY,DEFINED_AND_PUBLISHED,True,MEANINGFUL_STATUTORY_ASSESSMENT,True,REGISTERED_FOR_THE_MARKET,US-CONSUMER-DISCLOSURE,1,0,0,STATUTORY_RULE_COMPARISON,True,EXERCISED_LOCALLY_NOT_LAUNCH_VALIDATED,MEANINGFUL_STATUTORY_ASSESSMENT,REGISTER_DISPOSITION_UNRESOLVED,,
US,US-GU,Guam,1,1,0,FCRA-605A-1-US-NATIONAL-10Y@CONFIRMED_FEDERAL_PROHIBITION_APPLIES; FCRA-605A-2-US-NATIONAL-7Y@CONFIRMED_FEDERAL_PROHIBITION_APPLIES; FCRA-605A-3-US-NATIONAL-7Y@CONFIRMED_FEDERAL_PROHIBITION_APPLIES; FCRA-605A-4-US-NATIONAL-7Y@CONFIRMED_FEDERAL_PROHIBITION_APPLIES; FCRA-605A-5-US-NATIONAL-7Y@CONFIRMED_FEDERAL_PROHIBITION_APPLIES,REPORT_FORMAT_AND_APPLICATION_DEPENDENCIES,EXERCISED_LOCALLY,US-SHARED-ENGINE,False,EXERCISED_LOCALLY:US-CONSUMER-DISCLOSURE,EXERCISED_LOCALLY:1_CHECKS,EXERCISED_LOCALLY_NOT_LAUNCH_VALIDATED,EXERCISED_LOCALLY:ALL_82,ENTITLEMENT_ENFORCED_SERVER_SIDE_PROVIDER_NOT_CONFIGURED,SERVER_SIDE_ON_PAID_ACTIONS_ONLY,True,EXERCISED_LOCALLY,DEFINED_AND_PUBLISHED,True,MEANINGFUL_STATUTORY_ASSESSMENT,True,REGISTERED_FOR_THE_MARKET,US-CONSUMER-DISCLOSURE,1,0,0,STATUTORY_RULE_COMPARISON,True,EXERCISED_LOCALLY_NOT_LAUNCH_VALIDATED,MEANINGFUL_STATUTORY_ASSESSMENT,INSTRUMENT_CLASS_CONFIRMATION; REGISTER_DISPOSITION_UNRESOLVED,,
US,US-HI,Hawaii,1,1,0,FCRA-605A-1-US-NATIONAL-10Y@CONFIRMED_FEDERAL_PROHIBITION_APPLIES; FCRA-605A-2-US-NATIONAL-7Y@CONFIRMED_FEDERAL_PROHIBITION_APPLIES; FCRA-605A-3-US-NATIONAL-7Y@CONFIRMED_FEDERAL_PROHIBITION_APPLIES; FCRA-605A-4-US-NATIONAL-7Y@CONFIRMED_FEDERAL_PROHIBITION_APPLIES; FCRA-605A-5-US-NATIONAL-7Y@CONFIRMED_FEDERAL_PROHIBITION_APPLIES,REPORT_FORMAT_AND_APPLICATION_DEPENDENCIES,EXERCISED_LOCALLY,US-SHARED-ENGINE,False,EXERCISED_LOCALLY:US-CONSUMER-DISCLOSURE,EXERCISED_LOCALLY:1_CHECKS,EXERCISED_LOCALLY_NOT_LAUNCH_VALIDATED,EXERCISED_LOCALLY:ALL_82,ENTITLEMENT_ENFORCED_SERVER_SIDE_PROVIDER_NOT_CONFIGURED,SERVER_SIDE_ON_PAID_ACTIONS_ONLY,True,EXERCISED_LOCALLY,DEFINED_AND_PUBLISHED,True,MEANINGFUL_STATUTORY_ASSESSMENT,True,REGISTERED_FOR_THE_MARKET,US-CONSUMER-DISCLOSURE,1,0,0,STATUTORY_RULE_COMPARISON,True,EXERCISED_LOCALLY_NOT_LAUNCH_VALIDATED,MEANINGFUL_STATUTORY_ASSESSMENT,INSTRUMENT_CLASS_CONFIRMATION; REGISTER_DISPOSITION_UNRESOLVED,,
US,US-IA,Iowa,2,2,0,FCRA-605A-1-US-NATIONAL-10Y@CONFIRMED_FEDERAL_PROHIBITION_APPLIES; FCRA-605A-2-US-NATIONAL-7Y@CONFIRMED_FEDERAL_PROHIBITION_APPLIES; FCRA-605A-3-US-NATIONAL-7Y@CONFIRMED_FEDERAL_PROHIBITION_APPLIES; FCRA-605A-4-US-NATIONAL-7Y@CONFIRMED_FEDERAL_PROHIBITION_APPLIES; FCRA-605A-5-US-NATIONAL-7Y@CONFIRMED_FEDERAL_PROHIBITION_APPLIES,REPORT_FORMAT_AND_APPLICATION_DEPENDENCIES,EXERCISED_LOCALLY,US-SHARED-ENGINE,False,EXERCISED_LOCALLY:US-CONSUMER-DISCLOSURE,EXERCISED_LOCALLY:1_CHECKS,EXERCISED_LOCALLY_NOT_LAUNCH_VALIDATED,EXERCISED_LOCALLY:ALL_82,ENTITLEMENT_ENFORCED_SERVER_SIDE_PROVIDER_NOT_CONFIGURED,SERVER_SIDE_ON_PAID_ACTIONS_ONLY,True,EXERCISED_LOCALLY,DEFINED_AND_PUBLISHED,True,MEANINGFUL_STATUTORY_ASSESSMENT,True,REGISTERED_FOR_THE_MARKET,US-CONSUMER-DISCLOSURE,1,0,0,STATUTORY_RULE_COMPARISON,True,EXERCISED_LOCALLY_NOT_LAUNCH_VALIDATED,MEANINGFUL_STATUTORY_ASSESSMENT,INSTRUMENT_CLASS_CONFIRMATION; REGISTER_DISPOSITION_UNRESOLVED,,
US,US-ID,Idaho,2,2,0,FCRA-605A-1-US-NATIONAL-10Y@CONFIRMED_FEDERAL_PROHIBITION_APPLIES; FCRA-605A-2-US-NATIONAL-7Y@CONFIRMED_FEDERAL_PROHIBITION_APPLIES; FCRA-605A-3-US-NATIONAL-7Y@CONFIRMED_FEDERAL_PROHIBITION_APPLIES; FCRA-605A-4-US-NATIONAL-7Y@CONFIRMED_FEDERAL_PROHIBITION_APPLIES; FCRA-605A-5-US-NATIONAL-7Y@CONFIRMED_FEDERAL_PROHIBITION_APPLIES,REPORT_FORMAT_AND_APPLICATION_DEPENDENCIES,EXERCISED_LOCALLY,US-SHARED-ENGINE,False,EXERCISED_LOCALLY:US-CONSUMER-DISCLOSURE,EXERCISED_LOCALLY:1_CHECKS,EXERCISED_LOCALLY_NOT_LAUNCH_VALIDATED,EXERCISED_LOCALLY:ALL_82,ENTITLEMENT_ENFORCED_SERVER_SIDE_PROVIDER_NOT_CONFIGURED,SERVER_SIDE_ON_PAID_ACTIONS_ONLY,True,EXERCISED_LOCALLY,DEFINED_AND_PUBLISHED,True,MEANINGFUL_STATUTORY_ASSESSMENT,True,REGISTERED_FOR_THE_MARKET,US-CONSUMER-DISCLOSURE,1,0,0,STATUTORY_RULE_COMPARISON,True,EXERCISED_LOCALLY_NOT_LAUNCH_VALIDATED,MEANINGFUL_STATUTORY_ASSESSMENT,INSTRUMENT_CLASS_CONFIRMATION; REGISTER_DISPOSITION_UNRESOLVED,,
US,US-IL,Illinois,2,2,0,FCRA-605A-1-US-NATIONAL-10Y@CONFIRMED_FEDERAL_PROHIBITION_APPLIES; FCRA-605A-2-US-NATIONAL-7Y@CONFIRMED_FEDERAL_PROHIBITION_APPLIES; FCRA-605A-3-US-NATIONAL-7Y@CONFIRMED_FEDERAL_PROHIBITION_APPLIES; FCRA-605A-4-US-NATIONAL-7Y@CONFIRMED_FEDERAL_PROHIBITION_APPLIES; FCRA-605A-5-US-NATIONAL-7Y@CONFIRMED_FEDERAL_PROHIBITION_APPLIES,REPORT_FORMAT_AND_APPLICATION_DEPENDENCIES,EXERCISED_LOCALLY,US-SHARED-ENGINE,False,EXERCISED_LOCALLY:US-CONSUMER-DISCLOSURE,EXERCISED_LOCALLY:1_CHECKS,EXERCISED_LOCALLY_NOT_LAUNCH_VALIDATED,EXERCISED_LOCALLY:ALL_82,ENTITLEMENT_ENFORCED_SERVER_SIDE_PROVIDER_NOT_CONFIGURED,SERVER_SIDE_ON_PAID_ACTIONS_ONLY,True,EXERCISED_LOCALLY,DEFINED_AND_PUBLISHED,True,MEANINGFUL_STATUTORY_ASSESSMENT,True,REGISTERED_FOR_THE_MARKET,US-CONSUMER-DISCLOSURE,1,0,0,STATUTORY_RULE_COMPARISON,True,EXERCISED_LOCALLY_NOT_LAUNCH_VALIDATED,MEANINGFUL_STATUTORY_ASSESSMENT,REGISTER_DISPOSITION_UNRESOLVED,,
US,US-IN,Indiana,1,1,0,FCRA-605A-1-US-NATIONAL-10Y@CONFIRMED_FEDERAL_PROHIBITION_APPLIES; FCRA-605A-2-US-NATIONAL-7Y@CONFIRMED_FEDERAL_PROHIBITION_APPLIES; FCRA-605A-3-US-NATIONAL-7Y@CONFIRMED_FEDERAL_PROHIBITION_APPLIES; FCRA-605A-4-US-NATIONAL-7Y@CONFIRMED_FEDERAL_PROHIBITION_APPLIES; FCRA-605A-5-US-NATIONAL-7Y@CONFIRMED_FEDERAL_PROHIBITION_APPLIES,REPORT_FORMAT_AND_APPLICATION_DEPENDENCIES,EXERCISED_LOCALLY,US-SHARED-ENGINE,False,EXERCISED_LOCALLY:US-CONSUMER-DISCLOSURE,EXERCISED_LOCALLY:1_CHECKS,EXERCISED_LOCALLY_NOT_LAUNCH_VALIDATED,EXERCISED_LOCALLY:ALL_82,ENTITLEMENT_ENFORCED_SERVER_SIDE_PROVIDER_NOT_CONFIGURED,SERVER_SIDE_ON_PAID_ACTIONS_ONLY,True,EXERCISED_LOCALLY,DEFINED_AND_PUBLISHED,True,MEANINGFUL_STATUTORY_ASSESSMENT,True,REGISTERED_FOR_THE_MARKET,US-CONSUMER-DISCLOSURE,1,0,0,STATUTORY_RULE_COMPARISON,True,EXERCISED_LOCALLY_NOT_LAUNCH_VALIDATED,MEANINGFUL_STATUTORY_ASSESSMENT,INSTRUMENT_CLASS_CONFIRMATION; REGISTER_DISPOSITION_UNRESOLVED,,
US,US-KS,Kansas,2,2,0,FCRA-605A-1-US-NATIONAL-10Y@CONFIRMED_FEDERAL_PROHIBITION_APPLIES; FCRA-605A-2-US-NATIONAL-7Y@CONFIRMED_FEDERAL_PROHIBITION_APPLIES; FCRA-605A-3-US-NATIONAL-7Y@CONFIRMED_FEDERAL_PROHIBITION_APPLIES; FCRA-605A-4-US-NATIONAL-7Y@CONFIRMED_FEDERAL_PROHIBITION_APPLIES; FCRA-605A-5-US-NATIONAL-7Y@CONFIRMED_FEDERAL_PROHIBITION_APPLIES,REPORT_FORMAT_AND_APPLICATION_DEPENDENCIES,EXERCISED_LOCALLY,US-SHARED-ENGINE,False,EXERCISED_LOCALLY:US-CONSUMER-DISCLOSURE,EXERCISED_LOCALLY:1_CHECKS,EXERCISED_LOCALLY_NOT_LAUNCH_VALIDATED,EXERCISED_LOCALLY:ALL_82,ENTITLEMENT_ENFORCED_SERVER_SIDE_PROVIDER_NOT_CONFIGURED,SERVER_SIDE_ON_PAID_ACTIONS_ONLY,True,EXERCISED_LOCALLY,DEFINED_AND_PUBLISHED,True,MEANINGFUL_STATUTORY_ASSESSMENT,True,REGISTERED_FOR_THE_MARKET,US-CONSUMER-DISCLOSURE,1,0,0,STATUTORY_RULE_COMPARISON,True,EXERCISED_LOCALLY_NOT_LAUNCH_VALIDATED,MEANINGFUL_STATUTORY_ASSESSMENT,INSTRUMENT_CLASS_CONFIRMATION; REGISTER_DISPOSITION_UNRESOLVED,,
US,US-KY,Kentucky,2,2,0,FCRA-605A-1-US-NATIONAL-10Y@CONFIRMED_FEDERAL_PROHIBITION_APPLIES; FCRA-605A-2-US-NATIONAL-7Y@CONFIRMED_FEDERAL_PROHIBITION_APPLIES; FCRA-605A-3-US-NATIONAL-7Y@CONFIRMED_FEDERAL_PROHIBITION_APPLIES; FCRA-605A-4-US-NATIONAL-7Y@CONFIRMED_FEDERAL_PROHIBITION_APPLIES; FCRA-605A-5-US-NATIONAL-7Y@CONFIRMED_FEDERAL_PROHIBITION_APPLIES,REPORT_FORMAT_AND_APPLICATION_DEPENDENCIES,EXERCISED_LOCALLY,US-SHARED-ENGINE,False,EXERCISED_LOCALLY:US-CONSUMER-DISCLOSURE,EXERCISED_LOCALLY:1_CHECKS,EXERCISED_LOCALLY_NOT_LAUNCH_VALIDATED,EXERCISED_LOCALLY:ALL_82,ENTITLEMENT_ENFORCED_SERVER_SIDE_PROVIDER_NOT_CONFIGURED,SERVER_SIDE_ON_PAID_ACTIONS_ONLY,True,EXERCISED_LOCALLY,DEFINED_AND_PUBLISHED,True,MEANINGFUL_STATUTORY_ASSESSMENT,True,REGISTERED_FOR_THE_MARKET,US-CONSUMER-DISCLOSURE,1,0,0,STATUTORY_RULE_COMPARISON,True,EXERCISED_LOCALLY_NOT_LAUNCH_VALIDATED,MEANINGFUL_STATUTORY_ASSESSMENT,INSTRUMENT_CLASS_CONFIRMATION; REGISTER_DISPOSITION_UNRESOLVED,,
US,US-LA,Louisiana,3,3,0,FCRA-605A-1-US-NATIONAL-10Y@CONFIRMED_FEDERAL_PROHIBITION_APPLIES; FCRA-605A-2-US-NATIONAL-7Y@CONFIRMED_FEDERAL_PROHIBITION_APPLIES; FCRA-605A-3-US-NATIONAL-7Y@CONFIRMED_FEDERAL_PROHIBITION_APPLIES; FCRA-605A-4-US-NATIONAL-7Y@CONFIRMED_FEDERAL_PROHIBITION_APPLIES; FCRA-605A-5-US-NATIONAL-7Y@CONFIRMED_FEDERAL_PROHIBITION_APPLIES,REPORT_FORMAT_AND_APPLICATION_DEPENDENCIES,EXERCISED_LOCALLY,US-SHARED-ENGINE,False,EXERCISED_LOCALLY:US-CONSUMER-DISCLOSURE,EXERCISED_LOCALLY:1_CHECKS,EXERCISED_LOCALLY_NOT_LAUNCH_VALIDATED,EXERCISED_LOCALLY:ALL_82,ENTITLEMENT_ENFORCED_SERVER_SIDE_PROVIDER_NOT_CONFIGURED,SERVER_SIDE_ON_PAID_ACTIONS_ONLY,True,EXERCISED_LOCALLY,DEFINED_AND_PUBLISHED,True,MEANINGFUL_STATUTORY_ASSESSMENT,True,REGISTERED_FOR_THE_MARKET,US-CONSUMER-DISCLOSURE,1,0,0,STATUTORY_RULE_COMPARISON,True,EXERCISED_LOCALLY_NOT_LAUNCH_VALIDATED,MEANINGFUL_STATUTORY_ASSESSMENT,INSTRUMENT_CLASS_CONFIRMATION; REGISTER_DISPOSITION_UNRESOLVED,,
US,US-MA,Massachusetts,1,1,0,FCRA-605A-1-US-NATIONAL-10Y@CONFIRMED_FEDERAL_PROHIBITION_APPLIES; FCRA-605A-2-US-NATIONAL-7Y@CONFIRMED_FEDERAL_PROHIBITION_APPLIES; FCRA-605A-3-US-NATIONAL-7Y@CONFIRMED_FEDERAL_PROHIBITION_APPLIES; FCRA-605A-4-US-NATIONAL-7Y@CONFIRMED_FEDERAL_PROHIBITION_APPLIES; FCRA-605A-5-US-NATIONAL-7Y@CONFIRMED_FEDERAL_PROHIBITION_APPLIES,REPORT_FORMAT_AND_APPLICATION_DEPENDENCIES,EXERCISED_LOCALLY,US-SHARED-ENGINE,False,EXERCISED_LOCALLY:US-CONSUMER-DISCLOSURE,EXERCISED_LOCALLY:1_CHECKS,EXERCISED_LOCALLY_NOT_LAUNCH_VALIDATED,EXERCISED_LOCALLY:ALL_82,ENTITLEMENT_ENFORCED_SERVER_SIDE_PROVIDER_NOT_CONFIGURED,SERVER_SIDE_ON_PAID_ACTIONS_ONLY,True,EXERCISED_LOCALLY,DEFINED_AND_PUBLISHED,True,MEANINGFUL_STATUTORY_ASSESSMENT,True,REGISTERED_FOR_THE_MARKET,US-CONSUMER-DISCLOSURE,1,0,0,STATUTORY_RULE_COMPARISON,True,EXERCISED_LOCALLY_NOT_LAUNCH_VALIDATED,MEANINGFUL_STATUTORY_ASSESSMENT,INSTRUMENT_CLASS_CONFIRMATION; REGISTER_DISPOSITION_UNRESOLVED,,
US,US-MD,Maryland,1,1,0,FCRA-605A-1-US-NATIONAL-10Y@CONFIRMED_FEDERAL_PROHIBITION_APPLIES; FCRA-605A-2-US-NATIONAL-7Y@CONFIRMED_FEDERAL_PROHIBITION_APPLIES; FCRA-605A-3-US-NATIONAL-7Y@CONFIRMED_FEDERAL_PROHIBITION_APPLIES; FCRA-605A-4-US-NATIONAL-7Y@CONFIRMED_FEDERAL_PROHIBITION_APPLIES; FCRA-605A-5-US-NATIONAL-7Y@CONFIRMED_FEDERAL_PROHIBITION_APPLIES,REPORT_FORMAT_AND_APPLICATION_DEPENDENCIES,EXERCISED_LOCALLY,US-SHARED-ENGINE,False,EXERCISED_LOCALLY:US-CONSUMER-DISCLOSURE,EXERCISED_LOCALLY:1_CHECKS,EXERCISED_LOCALLY_NOT_LAUNCH_VALIDATED,EXERCISED_LOCALLY:ALL_82,ENTITLEMENT_ENFORCED_SERVER_SIDE_PROVIDER_NOT_CONFIGURED,SERVER_SIDE_ON_PAID_ACTIONS_ONLY,True,EXERCISED_LOCALLY,DEFINED_AND_PUBLISHED,True,MEANINGFUL_STATUTORY_ASSESSMENT,True,REGISTERED_FOR_THE_MARKET,US-CONSUMER-DISCLOSURE,1,0,0,STATUTORY_RULE_COMPARISON,True,EXERCISED_LOCALLY_NOT_LAUNCH_VALIDATED,MEANINGFUL_STATUTORY_ASSESSMENT,INSTRUMENT_CLASS_CONFIRMATION; REGISTER_DISPOSITION_UNRESOLVED,,
US,US-ME,Maine,1,1,0,FCRA-605A-1-US-NATIONAL-10Y@CONFIRMED_FEDERAL_PROHIBITION_APPLIES; FCRA-605A-2-US-NATIONAL-7Y@CONFIRMED_FEDERAL_PROHIBITION_APPLIES; FCRA-605A-3-US-NATIONAL-7Y@CONFIRMED_FEDERAL_PROHIBITION_APPLIES; FCRA-605A-4-US-NATIONAL-7Y@CONFIRMED_FEDERAL_PROHIBITION_APPLIES; FCRA-605A-5-US-NATIONAL-7Y@CONFIRMED_FEDERAL_PROHIBITION_APPLIES,REPORT_FORMAT_AND_APPLICATION_DEPENDENCIES,EXERCISED_LOCALLY,US-SHARED-ENGINE,False,EXERCISED_LOCALLY:US-CONSUMER-DISCLOSURE,EXERCISED_LOCALLY:1_CHECKS,EXERCISED_LOCALLY_NOT_LAUNCH_VALIDATED,EXERCISED_LOCALLY:ALL_82,ENTITLEMENT_ENFORCED_SERVER_SIDE_PROVIDER_NOT_CONFIGURED,SERVER_SIDE_ON_PAID_ACTIONS_ONLY,True,EXERCISED_LOCALLY,DEFINED_AND_PUBLISHED,True,MEANINGFUL_STATUTORY_ASSESSMENT,True,REGISTERED_FOR_THE_MARKET,US-CONSUMER-DISCLOSURE,1,0,0,STATUTORY_RULE_COMPARISON,True,EXERCISED_LOCALLY_NOT_LAUNCH_VALIDATED,MEANINGFUL_STATUTORY_ASSESSMENT,REGISTER_DISPOSITION_UNRESOLVED,,
US,US-MI,Michigan,2,0,0,FCRA-605A-1-US-NATIONAL-10Y@CONFIRMED_FEDERAL_PROHIBITION_APPLIES; FCRA-605A-2-US-NATIONAL-7Y@CONFIRMED_FEDERAL_PROHIBITION_APPLIES; FCRA-605A-3-US-NATIONAL-7Y@CONFIRMED_FEDERAL_PROHIBITION_APPLIES; FCRA-605A-4-US-NATIONAL-7Y@CONFIRMED_FEDERAL_PROHIBITION_APPLIES; FCRA-605A-5-US-NATIONAL-7Y@CONFIRMED_FEDERAL_PROHIBITION_APPLIES,REPORT_FORMAT_AND_APPLICATION_DEPENDENCIES,EXERCISED_LOCALLY,US-SHARED-ENGINE,False,EXERCISED_LOCALLY:US-CONSUMER-DISCLOSURE,EXERCISED_LOCALLY:1_CHECKS,EXERCISED_LOCALLY_NOT_LAUNCH_VALIDATED,EXERCISED_LOCALLY:ALL_82,ENTITLEMENT_ENFORCED_SERVER_SIDE_PROVIDER_NOT_CONFIGURED,SERVER_SIDE_ON_PAID_ACTIONS_ONLY,True,EXERCISED_LOCALLY,DEFINED_AND_PUBLISHED,True,MEANINGFUL_STATUTORY_ASSESSMENT,True,REGISTERED_FOR_THE_MARKET,US-CONSUMER-DISCLOSURE,1,0,0,STATUTORY_RULE_COMPARISON,True,EXERCISED_LOCALLY_NOT_LAUNCH_VALIDATED,MEANINGFUL_STATUTORY_ASSESSMENT,INSTRUMENT_CLASS_CONFIRMATION; LEGACY_OPERATIONAL_MAPPING_AMBIGUOUS:MULTIPLE_LEGACY_ROWS_CARRY_THE_RECORDED_PROVISION; REGISTER_DISPOSITION_UNRESOLVED,,
US,US-MN,Minnesota,1,1,0,FCRA-605A-1-US-NATIONAL-10Y@CONFIRMED_FEDERAL_PROHIBITION_APPLIES; FCRA-605A-2-US-NATIONAL-7Y@CONFIRMED_FEDERAL_PROHIBITION_APPLIES; FCRA-605A-3-US-NATIONAL-7Y@CONFIRMED_FEDERAL_PROHIBITION_APPLIES; FCRA-605A-4-US-NATIONAL-7Y@CONFIRMED_FEDERAL_PROHIBITION_APPLIES; FCRA-605A-5-US-NATIONAL-7Y@CONFIRMED_FEDERAL_PROHIBITION_APPLIES,REPORT_FORMAT_AND_APPLICATION_DEPENDENCIES,EXERCISED_LOCALLY,US-SHARED-ENGINE,False,EXERCISED_LOCALLY:US-CONSUMER-DISCLOSURE,EXERCISED_LOCALLY:1_CHECKS,EXERCISED_LOCALLY_NOT_LAUNCH_VALIDATED,EXERCISED_LOCALLY:ALL_82,ENTITLEMENT_ENFORCED_SERVER_SIDE_PROVIDER_NOT_CONFIGURED,SERVER_SIDE_ON_PAID_ACTIONS_ONLY,True,EXERCISED_LOCALLY,DEFINED_AND_PUBLISHED,True,MEANINGFUL_STATUTORY_ASSESSMENT,True,REGISTERED_FOR_THE_MARKET,US-CONSUMER-DISCLOSURE,1,0,0,STATUTORY_RULE_COMPARISON,True,EXERCISED_LOCALLY_NOT_LAUNCH_VALIDATED,MEANINGFUL_STATUTORY_ASSESSMENT,REGISTER_DISPOSITION_UNRESOLVED,,
US,US-MO,Missouri,2,2,0,FCRA-605A-1-US-NATIONAL-10Y@CONFIRMED_FEDERAL_PROHIBITION_APPLIES; FCRA-605A-2-US-NATIONAL-7Y@CONFIRMED_FEDERAL_PROHIBITION_APPLIES; FCRA-605A-3-US-NATIONAL-7Y@CONFIRMED_FEDERAL_PROHIBITION_APPLIES; FCRA-605A-4-US-NATIONAL-7Y@CONFIRMED_FEDERAL_PROHIBITION_APPLIES; FCRA-605A-5-US-NATIONAL-7Y@CONFIRMED_FEDERAL_PROHIBITION_APPLIES,REPORT_FORMAT_AND_APPLICATION_DEPENDENCIES,EXERCISED_LOCALLY,US-SHARED-ENGINE,False,EXERCISED_LOCALLY:US-CONSUMER-DISCLOSURE,EXERCISED_LOCALLY:1_CHECKS,EXERCISED_LOCALLY_NOT_LAUNCH_VALIDATED,EXERCISED_LOCALLY:ALL_82,ENTITLEMENT_ENFORCED_SERVER_SIDE_PROVIDER_NOT_CONFIGURED,SERVER_SIDE_ON_PAID_ACTIONS_ONLY,True,EXERCISED_LOCALLY,DEFINED_AND_PUBLISHED,True,MEANINGFUL_STATUTORY_ASSESSMENT,True,REGISTERED_FOR_THE_MARKET,US-CONSUMER-DISCLOSURE,1,0,0,STATUTORY_RULE_COMPARISON,True,EXERCISED_LOCALLY_NOT_LAUNCH_VALIDATED,MEANINGFUL_STATUTORY_ASSESSMENT,INSTRUMENT_CLASS_CONFIRMATION; REGISTER_DISPOSITION_UNRESOLVED,,
US,US-MP,Northern Mariana Islands,1,1,0,FCRA-605A-1-US-NATIONAL-10Y@CONFIRMED_FEDERAL_PROHIBITION_APPLIES; FCRA-605A-2-US-NATIONAL-7Y@CONFIRMED_FEDERAL_PROHIBITION_APPLIES; FCRA-605A-3-US-NATIONAL-7Y@CONFIRMED_FEDERAL_PROHIBITION_APPLIES; FCRA-605A-4-US-NATIONAL-7Y@CONFIRMED_FEDERAL_PROHIBITION_APPLIES; FCRA-605A-5-US-NATIONAL-7Y@CONFIRMED_FEDERAL_PROHIBITION_APPLIES,REPORT_FORMAT_AND_APPLICATION_DEPENDENCIES,EXERCISED_LOCALLY,US-SHARED-ENGINE,False,EXERCISED_LOCALLY:US-CONSUMER-DISCLOSURE,EXERCISED_LOCALLY:1_CHECKS,EXERCISED_LOCALLY_NOT_LAUNCH_VALIDATED,EXERCISED_LOCALLY:ALL_82,ENTITLEMENT_ENFORCED_SERVER_SIDE_PROVIDER_NOT_CONFIGURED,SERVER_SIDE_ON_PAID_ACTIONS_ONLY,True,EXERCISED_LOCALLY,DEFINED_AND_PUBLISHED,True,MEANINGFUL_STATUTORY_ASSESSMENT,True,REGISTERED_FOR_THE_MARKET,US-CONSUMER-DISCLOSURE,1,0,0,STATUTORY_RULE_COMPARISON,True,EXERCISED_LOCALLY_NOT_LAUNCH_VALIDATED,MEANINGFUL_STATUTORY_ASSESSMENT,INSTRUMENT_CLASS_CONFIRMATION; REGISTER_DISPOSITION_UNRESOLVED,,
US,US-MS,Mississippi,1,1,0,FCRA-605A-1-US-NATIONAL-10Y@CONFIRMED_FEDERAL_PROHIBITION_APPLIES; FCRA-605A-2-US-NATIONAL-7Y@CONFIRMED_FEDERAL_PROHIBITION_APPLIES; FCRA-605A-3-US-NATIONAL-7Y@CONFIRMED_FEDERAL_PROHIBITION_APPLIES; FCRA-605A-4-US-NATIONAL-7Y@CONFIRMED_FEDERAL_PROHIBITION_APPLIES; FCRA-605A-5-US-NATIONAL-7Y@CONFIRMED_FEDERAL_PROHIBITION_APPLIES,REPORT_FORMAT_AND_APPLICATION_DEPENDENCIES,EXERCISED_LOCALLY,US-SHARED-ENGINE,False,EXERCISED_LOCALLY:US-CONSUMER-DISCLOSURE,EXERCISED_LOCALLY:1_CHECKS,EXERCISED_LOCALLY_NOT_LAUNCH_VALIDATED,EXERCISED_LOCALLY:ALL_82,ENTITLEMENT_ENFORCED_SERVER_SIDE_PROVIDER_NOT_CONFIGURED,SERVER_SIDE_ON_PAID_ACTIONS_ONLY,True,EXERCISED_LOCALLY,DEFINED_AND_PUBLISHED,True,MEANINGFUL_STATUTORY_ASSESSMENT,True,REGISTERED_FOR_THE_MARKET,US-CONSUMER-DISCLOSURE,1,0,0,STATUTORY_RULE_COMPARISON,True,EXERCISED_LOCALLY_NOT_LAUNCH_VALIDATED,MEANINGFUL_STATUTORY_ASSESSMENT,INSTRUMENT_CLASS_CONFIRMATION; REGISTER_DISPOSITION_UNRESOLVED,,
US,US-MT,Montana,2,2,0,FCRA-605A-1-US-NATIONAL-10Y@CONFIRMED_FEDERAL_PROHIBITION_APPLIES; FCRA-605A-2-US-NATIONAL-7Y@CONFIRMED_FEDERAL_PROHIBITION_APPLIES; FCRA-605A-3-US-NATIONAL-7Y@CONFIRMED_FEDERAL_PROHIBITION_APPLIES; FCRA-605A-4-US-NATIONAL-7Y@CONFIRMED_FEDERAL_PROHIBITION_APPLIES; FCRA-605A-5-US-NATIONAL-7Y@CONFIRMED_FEDERAL_PROHIBITION_APPLIES,REPORT_FORMAT_AND_APPLICATION_DEPENDENCIES,EXERCISED_LOCALLY,US-SHARED-ENGINE,False,EXERCISED_LOCALLY:US-CONSUMER-DISCLOSURE,EXERCISED_LOCALLY:1_CHECKS,EXERCISED_LOCALLY_NOT_LAUNCH_VALIDATED,EXERCISED_LOCALLY:ALL_82,ENTITLEMENT_ENFORCED_SERVER_SIDE_PROVIDER_NOT_CONFIGURED,SERVER_SIDE_ON_PAID_ACTIONS_ONLY,True,EXERCISED_LOCALLY,DEFINED_AND_PUBLISHED,True,MEANINGFUL_STATUTORY_ASSESSMENT,True,REGISTERED_FOR_THE_MARKET,US-CONSUMER-DISCLOSURE,1,0,0,STATUTORY_RULE_COMPARISON,True,EXERCISED_LOCALLY_NOT_LAUNCH_VALIDATED,MEANINGFUL_STATUTORY_ASSESSMENT,INSTRUMENT_CLASS_CONFIRMATION; REGISTER_DISPOSITION_UNRESOLVED,,
US,US-NC,North Carolina,1,1,0,FCRA-605A-1-US-NATIONAL-10Y@CONFIRMED_FEDERAL_PROHIBITION_APPLIES; FCRA-605A-2-US-NATIONAL-7Y@CONFIRMED_FEDERAL_PROHIBITION_APPLIES; FCRA-605A-3-US-NATIONAL-7Y@CONFIRMED_FEDERAL_PROHIBITION_APPLIES; FCRA-605A-4-US-NATIONAL-7Y@CONFIRMED_FEDERAL_PROHIBITION_APPLIES; FCRA-605A-5-US-NATIONAL-7Y@CONFIRMED_FEDERAL_PROHIBITION_APPLIES,REPORT_FORMAT_AND_APPLICATION_DEPENDENCIES,EXERCISED_LOCALLY,US-SHARED-ENGINE,False,EXERCISED_LOCALLY:US-CONSUMER-DISCLOSURE,EXERCISED_LOCALLY:1_CHECKS,EXERCISED_LOCALLY_NOT_LAUNCH_VALIDATED,EXERCISED_LOCALLY:ALL_82,ENTITLEMENT_ENFORCED_SERVER_SIDE_PROVIDER_NOT_CONFIGURED,SERVER_SIDE_ON_PAID_ACTIONS_ONLY,True,EXERCISED_LOCALLY,DEFINED_AND_PUBLISHED,True,MEANINGFUL_STATUTORY_ASSESSMENT,True,REGISTERED_FOR_THE_MARKET,US-CONSUMER-DISCLOSURE,1,0,0,STATUTORY_RULE_COMPARISON,True,EXERCISED_LOCALLY_NOT_LAUNCH_VALIDATED,MEANINGFUL_STATUTORY_ASSESSMENT,INSTRUMENT_CLASS_CONFIRMATION; REGISTER_DISPOSITION_UNRESOLVED,,
US,US-ND,North Dakota,1,1,0,FCRA-605A-1-US-NATIONAL-10Y@CONFIRMED_FEDERAL_PROHIBITION_APPLIES; FCRA-605A-2-US-NATIONAL-7Y@CONFIRMED_FEDERAL_PROHIBITION_APPLIES; FCRA-605A-3-US-NATIONAL-7Y@CONFIRMED_FEDERAL_PROHIBITION_APPLIES; FCRA-605A-4-US-NATIONAL-7Y@CONFIRMED_FEDERAL_PROHIBITION_APPLIES; FCRA-605A-5-US-NATIONAL-7Y@CONFIRMED_FEDERAL_PROHIBITION_APPLIES,REPORT_FORMAT_AND_APPLICATION_DEPENDENCIES,EXERCISED_LOCALLY,US-SHARED-ENGINE,False,EXERCISED_LOCALLY:US-CONSUMER-DISCLOSURE,EXERCISED_LOCALLY:1_CHECKS,EXERCISED_LOCALLY_NOT_LAUNCH_VALIDATED,EXERCISED_LOCALLY:ALL_82,ENTITLEMENT_ENFORCED_SERVER_SIDE_PROVIDER_NOT_CONFIGURED,SERVER_SIDE_ON_PAID_ACTIONS_ONLY,True,EXERCISED_LOCALLY,DEFINED_AND_PUBLISHED,True,MEANINGFUL_STATUTORY_ASSESSMENT,True,REGISTERED_FOR_THE_MARKET,US-CONSUMER-DISCLOSURE,1,0,0,STATUTORY_RULE_COMPARISON,True,EXERCISED_LOCALLY_NOT_LAUNCH_VALIDATED,MEANINGFUL_STATUTORY_ASSESSMENT,INSTRUMENT_CLASS_CONFIRMATION; REGISTER_DISPOSITION_UNRESOLVED,,
US,US-NE,Nebraska,2,2,0,FCRA-605A-1-US-NATIONAL-10Y@CONFIRMED_FEDERAL_PROHIBITION_APPLIES; FCRA-605A-2-US-NATIONAL-7Y@CONFIRMED_FEDERAL_PROHIBITION_APPLIES; FCRA-605A-3-US-NATIONAL-7Y@CONFIRMED_FEDERAL_PROHIBITION_APPLIES; FCRA-605A-4-US-NATIONAL-7Y@CONFIRMED_FEDERAL_PROHIBITION_APPLIES; FCRA-605A-5-US-NATIONAL-7Y@CONFIRMED_FEDERAL_PROHIBITION_APPLIES,REPORT_FORMAT_AND_APPLICATION_DEPENDENCIES,EXERCISED_LOCALLY,US-SHARED-ENGINE,False,EXERCISED_LOCALLY:US-CONSUMER-DISCLOSURE,EXERCISED_LOCALLY:1_CHECKS,EXERCISED_LOCALLY_NOT_LAUNCH_VALIDATED,EXERCISED_LOCALLY:ALL_82,ENTITLEMENT_ENFORCED_SERVER_SIDE_PROVIDER_NOT_CONFIGURED,SERVER_SIDE_ON_PAID_ACTIONS_ONLY,True,EXERCISED_LOCALLY,DEFINED_AND_PUBLISHED,True,MEANINGFUL_STATUTORY_ASSESSMENT,True,REGISTERED_FOR_THE_MARKET,US-CONSUMER-DISCLOSURE,1,0,0,STATUTORY_RULE_COMPARISON,True,EXERCISED_LOCALLY_NOT_LAUNCH_VALIDATED,MEANINGFUL_STATUTORY_ASSESSMENT,INSTRUMENT_CLASS_CONFIRMATION; REGISTER_DISPOSITION_UNRESOLVED,,
US,US-NH,New Hampshire,1,1,0,FCRA-605A-1-US-NATIONAL-10Y@CONFIRMED_FEDERAL_PROHIBITION_APPLIES; FCRA-605A-2-US-NATIONAL-7Y@CONFIRMED_FEDERAL_PROHIBITION_APPLIES; FCRA-605A-3-US-NATIONAL-7Y@CONFIRMED_FEDERAL_PROHIBITION_APPLIES; FCRA-605A-4-US-NATIONAL-7Y@CONFIRMED_FEDERAL_PROHIBITION_APPLIES; FCRA-605A-5-US-NATIONAL-7Y@CONFIRMED_FEDERAL_PROHIBITION_APPLIES,REPORT_FORMAT_AND_APPLICATION_DEPENDENCIES,EXERCISED_LOCALLY,US-SHARED-ENGINE,False,EXERCISED_LOCALLY:US-CONSUMER-DISCLOSURE,EXERCISED_LOCALLY:1_CHECKS,EXERCISED_LOCALLY_NOT_LAUNCH_VALIDATED,EXERCISED_LOCALLY:ALL_82,ENTITLEMENT_ENFORCED_SERVER_SIDE_PROVIDER_NOT_CONFIGURED,SERVER_SIDE_ON_PAID_ACTIONS_ONLY,True,EXERCISED_LOCALLY,DEFINED_AND_PUBLISHED,True,MEANINGFUL_STATUTORY_ASSESSMENT,True,REGISTERED_FOR_THE_MARKET,US-CONSUMER-DISCLOSURE,1,0,0,STATUTORY_RULE_COMPARISON,True,EXERCISED_LOCALLY_NOT_LAUNCH_VALIDATED,MEANINGFUL_STATUTORY_ASSESSMENT,INSTRUMENT_CLASS_CONFIRMATION; REGISTER_DISPOSITION_UNRESOLVED,,
US,US-NJ,New Jersey,1,1,0,FCRA-605A-1-US-NATIONAL-10Y@CONFIRMED_FEDERAL_PROHIBITION_APPLIES; FCRA-605A-2-US-NATIONAL-7Y@CONFIRMED_FEDERAL_PROHIBITION_APPLIES; FCRA-605A-3-US-NATIONAL-7Y@CONFIRMED_FEDERAL_PROHIBITION_APPLIES; FCRA-605A-4-US-NATIONAL-7Y@CONFIRMED_FEDERAL_PROHIBITION_APPLIES; FCRA-605A-5-US-NATIONAL-7Y@CONFIRMED_FEDERAL_PROHIBITION_APPLIES,REPORT_FORMAT_AND_APPLICATION_DEPENDENCIES,EXERCISED_LOCALLY,US-SHARED-ENGINE,False,EXERCISED_LOCALLY:US-CONSUMER-DISCLOSURE,EXERCISED_LOCALLY:1_CHECKS,EXERCISED_LOCALLY_NOT_LAUNCH_VALIDATED,EXERCISED_LOCALLY:ALL_82,ENTITLEMENT_ENFORCED_SERVER_SIDE_PROVIDER_NOT_CONFIGURED,SERVER_SIDE_ON_PAID_ACTIONS_ONLY,True,EXERCISED_LOCALLY,DEFINED_AND_PUBLISHED,True,MEANINGFUL_STATUTORY_ASSESSMENT,True,REGISTERED_FOR_THE_MARKET,US-CONSUMER-DISCLOSURE,1,0,0,STATUTORY_RULE_COMPARISON,True,EXERCISED_LOCALLY_NOT_LAUNCH_VALIDATED,MEANINGFUL_STATUTORY_ASSESSMENT,INSTRUMENT_CLASS_CONFIRMATION; REGISTER_DISPOSITION_UNRESOLVED,,
US,US-NM,New Mexico,3,1,0,FCRA-605A-1-US-NATIONAL-10Y@CONFIRMED_FEDERAL_PROHIBITION_APPLIES; FCRA-605A-2-US-NATIONAL-7Y@CONFIRMED_FEDERAL_PROHIBITION_APPLIES; FCRA-605A-3-US-NATIONAL-7Y@CONFIRMED_FEDERAL_PROHIBITION_APPLIES; FCRA-605A-4-US-NATIONAL-7Y@CONFIRMED_FEDERAL_PROHIBITION_APPLIES; FCRA-605A-5-US-NATIONAL-7Y@CONFIRMED_FEDERAL_PROHIBITION_APPLIES,REPORT_FORMAT_AND_APPLICATION_DEPENDENCIES,EXERCISED_LOCALLY,US-SHARED-ENGINE,False,EXERCISED_LOCALLY:US-CONSUMER-DISCLOSURE,EXERCISED_LOCALLY:1_CHECKS,EXERCISED_LOCALLY_NOT_LAUNCH_VALIDATED,EXERCISED_LOCALLY:ALL_82,ENTITLEMENT_ENFORCED_SERVER_SIDE_PROVIDER_NOT_CONFIGURED,SERVER_SIDE_ON_PAID_ACTIONS_ONLY,True,EXERCISED_LOCALLY,DEFINED_AND_PUBLISHED,True,MEANINGFUL_STATUTORY_ASSESSMENT,True,REGISTERED_FOR_THE_MARKET,US-CONSUMER-DISCLOSURE,1,0,0,STATUTORY_RULE_COMPARISON,True,EXERCISED_LOCALLY_NOT_LAUNCH_VALIDATED,MEANINGFUL_STATUTORY_ASSESSMENT,INSTRUMENT_CLASS_CONFIRMATION; LEGACY_OPERATIONAL_MAPPING_AMBIGUOUS:MULTIPLE_LEGACY_ROWS_CARRY_THE_RECORDED_PROVISION; REGISTER_DISPOSITION_UNRESOLVED,,
US,US-NV,Nevada,2,2,0,FCRA-605A-1-US-NATIONAL-10Y@CONFIRMED_FEDERAL_PROHIBITION_APPLIES; FCRA-605A-2-US-NATIONAL-7Y@CONFIRMED_FEDERAL_PROHIBITION_APPLIES; FCRA-605A-3-US-NATIONAL-7Y@CONFIRMED_FEDERAL_PROHIBITION_APPLIES; FCRA-605A-4-US-NATIONAL-7Y@CONFIRMED_FEDERAL_PROHIBITION_APPLIES; FCRA-605A-5-US-NATIONAL-7Y@CONFIRMED_FEDERAL_PROHIBITION_APPLIES,REPORT_FORMAT_AND_APPLICATION_DEPENDENCIES,EXERCISED_LOCALLY,US-SHARED-ENGINE,False,EXERCISED_LOCALLY:US-CONSUMER-DISCLOSURE,EXERCISED_LOCALLY:1_CHECKS,EXERCISED_LOCALLY_NOT_LAUNCH_VALIDATED,EXERCISED_LOCALLY:ALL_82,ENTITLEMENT_ENFORCED_SERVER_SIDE_PROVIDER_NOT_CONFIGURED,SERVER_SIDE_ON_PAID_ACTIONS_ONLY,True,EXERCISED_LOCALLY,DEFINED_AND_PUBLISHED,True,MEANINGFUL_STATUTORY_ASSESSMENT,True,REGISTERED_FOR_THE_MARKET,US-CONSUMER-DISCLOSURE,1,0,0,STATUTORY_RULE_COMPARISON,True,EXERCISED_LOCALLY_NOT_LAUNCH_VALIDATED,MEANINGFUL_STATUTORY_ASSESSMENT,INSTRUMENT_CLASS_CONFIRMATION; REGISTER_DISPOSITION_UNRESOLVED,,
US,US-NY,New York,66,64,4,FCRA-605A-1-US-NATIONAL-10Y@CONFIRMED_FEDERAL_PROHIBITION_APPLIES; FCRA-605A-2-US-NATIONAL-7Y@CONFIRMED_FEDERAL_PROHIBITION_APPLIES; FCRA-605A-3-US-NATIONAL-7Y@CONFIRMED_FEDERAL_PROHIBITION_APPLIES; FCRA-605A-4-US-NATIONAL-7Y@CONFIRMED_FEDERAL_PROHIBITION_APPLIES; FCRA-605A-5-US-NATIONAL-7Y@CONFIRMED_FEDERAL_PROHIBITION_APPLIES; US-NY-GBL-380J-F1-II-JUDGMENT-5Y@EXACT_MATCH; US-NY-GBL-380J-F1-III-TAX-LIEN-PAID-7Y@EXACT_MATCH; US-NY-GBL-380J-F1-I-BANKRUPTCY-14Y@EXACT_MATCH,REPORT_FORMAT_AND_APPLICATION_DEPENDENCIES,EXERCISED_LOCALLY,US-SHARED-ENGINE,False,EXERCISED_LOCALLY:US-CONSUMER-DISCLOSURE,EXERCISED_LOCALLY:1_CHECKS,EXERCISED_LOCALLY_NOT_LAUNCH_VALIDATED,EXERCISED_LOCALLY:ALL_82,ENTITLEMENT_ENFORCED_SERVER_SIDE_PROVIDER_NOT_CONFIGURED,SERVER_SIDE_ON_PAID_ACTIONS_ONLY,True,EXERCISED_LOCALLY,DEFINED_AND_PUBLISHED,True,MEANINGFUL_STATUTORY_ASSESSMENT,True,REGISTERED_FOR_THE_MARKET,US-CONSUMER-DISCLOSURE,1,0,0,STATUTORY_RULE_COMPARISON,True,EXERCISED_LOCALLY_NOT_LAUNCH_VALIDATED,MEANINGFUL_STATUTORY_ASSESSMENT,DUPLICATE_IDENTITY_BOOKKEEPING; INSTRUMENT_CLASS_CONFIRMATION; LEGACY_OPERATIONAL_MAPPING_AMBIGUOUS:MULTIPLE_LEGACY_ROWS_CARRY_THE_RECORDED_PROVISION; REGISTER_DISPOSITION_UNRESOLVED,,
US,US-OH,Ohio,1,1,0,FCRA-605A-1-US-NATIONAL-10Y@CONFIRMED_FEDERAL_PROHIBITION_APPLIES; FCRA-605A-2-US-NATIONAL-7Y@CONFIRMED_FEDERAL_PROHIBITION_APPLIES; FCRA-605A-3-US-NATIONAL-7Y@CONFIRMED_FEDERAL_PROHIBITION_APPLIES; FCRA-605A-4-US-NATIONAL-7Y@CONFIRMED_FEDERAL_PROHIBITION_APPLIES; FCRA-605A-5-US-NATIONAL-7Y@CONFIRMED_FEDERAL_PROHIBITION_APPLIES,REPORT_FORMAT_AND_APPLICATION_DEPENDENCIES,EXERCISED_LOCALLY,US-SHARED-ENGINE,False,EXERCISED_LOCALLY:US-CONSUMER-DISCLOSURE,EXERCISED_LOCALLY:1_CHECKS,EXERCISED_LOCALLY_NOT_LAUNCH_VALIDATED,EXERCISED_LOCALLY:ALL_82,ENTITLEMENT_ENFORCED_SERVER_SIDE_PROVIDER_NOT_CONFIGURED,SERVER_SIDE_ON_PAID_ACTIONS_ONLY,True,EXERCISED_LOCALLY,DEFINED_AND_PUBLISHED,True,MEANINGFUL_STATUTORY_ASSESSMENT,True,REGISTERED_FOR_THE_MARKET,US-CONSUMER-DISCLOSURE,1,0,0,STATUTORY_RULE_COMPARISON,True,EXERCISED_LOCALLY_NOT_LAUNCH_VALIDATED,MEANINGFUL_STATUTORY_ASSESSMENT,INSTRUMENT_CLASS_CONFIRMATION; REGISTER_DISPOSITION_UNRESOLVED,,
US,US-OK,Oklahoma,2,0,0,FCRA-605A-1-US-NATIONAL-10Y@CONFIRMED_FEDERAL_PROHIBITION_APPLIES; FCRA-605A-2-US-NATIONAL-7Y@CONFIRMED_FEDERAL_PROHIBITION_APPLIES; FCRA-605A-3-US-NATIONAL-7Y@CONFIRMED_FEDERAL_PROHIBITION_APPLIES; FCRA-605A-4-US-NATIONAL-7Y@CONFIRMED_FEDERAL_PROHIBITION_APPLIES; FCRA-605A-5-US-NATIONAL-7Y@CONFIRMED_FEDERAL_PROHIBITION_APPLIES,REPORT_FORMAT_AND_APPLICATION_DEPENDENCIES,EXERCISED_LOCALLY,US-SHARED-ENGINE,False,EXERCISED_LOCALLY:US-CONSUMER-DISCLOSURE,EXERCISED_LOCALLY:1_CHECKS,EXERCISED_LOCALLY_NOT_LAUNCH_VALIDATED,EXERCISED_LOCALLY:ALL_82,ENTITLEMENT_ENFORCED_SERVER_SIDE_PROVIDER_NOT_CONFIGURED,SERVER_SIDE_ON_PAID_ACTIONS_ONLY,True,EXERCISED_LOCALLY,DEFINED_AND_PUBLISHED,True,MEANINGFUL_STATUTORY_ASSESSMENT,True,REGISTERED_FOR_THE_MARKET,US-CONSUMER-DISCLOSURE,1,0,0,STATUTORY_RULE_COMPARISON,True,EXERCISED_LOCALLY_NOT_LAUNCH_VALIDATED,MEANINGFUL_STATUTORY_ASSESSMENT,INSTRUMENT_CLASS_CONFIRMATION; LEGACY_OPERATIONAL_MAPPING_NOT_ESTABLISHED; REGISTER_DISPOSITION_UNRESOLVED,,
US,US-OR,Oregon,1,0,0,FCRA-605A-1-US-NATIONAL-10Y@CONFIRMED_FEDERAL_PROHIBITION_APPLIES; FCRA-605A-2-US-NATIONAL-7Y@CONFIRMED_FEDERAL_PROHIBITION_APPLIES; FCRA-605A-3-US-NATIONAL-7Y@CONFIRMED_FEDERAL_PROHIBITION_APPLIES; FCRA-605A-4-US-NATIONAL-7Y@CONFIRMED_FEDERAL_PROHIBITION_APPLIES; FCRA-605A-5-US-NATIONAL-7Y@CONFIRMED_FEDERAL_PROHIBITION_APPLIES,REPORT_FORMAT_AND_APPLICATION_DEPENDENCIES,EXERCISED_LOCALLY,US-SHARED-ENGINE,False,EXERCISED_LOCALLY:US-CONSUMER-DISCLOSURE,EXERCISED_LOCALLY:1_CHECKS,EXERCISED_LOCALLY_NOT_LAUNCH_VALIDATED,EXERCISED_LOCALLY:ALL_82,ENTITLEMENT_ENFORCED_SERVER_SIDE_PROVIDER_NOT_CONFIGURED,SERVER_SIDE_ON_PAID_ACTIONS_ONLY,True,EXERCISED_LOCALLY,DEFINED_AND_PUBLISHED,True,MEANINGFUL_STATUTORY_ASSESSMENT,True,REGISTERED_FOR_THE_MARKET,US-CONSUMER-DISCLOSURE,1,0,0,STATUTORY_RULE_COMPARISON,True,EXERCISED_LOCALLY_NOT_LAUNCH_VALIDATED,MEANINGFUL_STATUTORY_ASSESSMENT,LEGACY_OPERATIONAL_MAPPING_NOT_ESTABLISHED; REGISTER_DISPOSITION_UNRESOLVED,,
US,US-PA,Pennsylvania,1,1,0,FCRA-605A-1-US-NATIONAL-10Y@CONFIRMED_FEDERAL_PROHIBITION_APPLIES; FCRA-605A-2-US-NATIONAL-7Y@CONFIRMED_FEDERAL_PROHIBITION_APPLIES; FCRA-605A-3-US-NATIONAL-7Y@CONFIRMED_FEDERAL_PROHIBITION_APPLIES; FCRA-605A-4-US-NATIONAL-7Y@CONFIRMED_FEDERAL_PROHIBITION_APPLIES; FCRA-605A-5-US-NATIONAL-7Y@CONFIRMED_FEDERAL_PROHIBITION_APPLIES,REPORT_FORMAT_AND_APPLICATION_DEPENDENCIES,EXERCISED_LOCALLY,US-SHARED-ENGINE,False,EXERCISED_LOCALLY:US-CONSUMER-DISCLOSURE,EXERCISED_LOCALLY:1_CHECKS,EXERCISED_LOCALLY_NOT_LAUNCH_VALIDATED,EXERCISED_LOCALLY:ALL_82,ENTITLEMENT_ENFORCED_SERVER_SIDE_PROVIDER_NOT_CONFIGURED,SERVER_SIDE_ON_PAID_ACTIONS_ONLY,True,EXERCISED_LOCALLY,DEFINED_AND_PUBLISHED,True,MEANINGFUL_STATUTORY_ASSESSMENT,True,REGISTERED_FOR_THE_MARKET,US-CONSUMER-DISCLOSURE,1,0,0,STATUTORY_RULE_COMPARISON,True,EXERCISED_LOCALLY_NOT_LAUNCH_VALIDATED,MEANINGFUL_STATUTORY_ASSESSMENT,INSTRUMENT_CLASS_CONFIRMATION; REGISTER_DISPOSITION_UNRESOLVED,,
US,US-PR,Puerto Rico,1,1,0,FCRA-605A-1-US-NATIONAL-10Y@CONFIRMED_FEDERAL_PROHIBITION_APPLIES; FCRA-605A-2-US-NATIONAL-7Y@CONFIRMED_FEDERAL_PROHIBITION_APPLIES; FCRA-605A-3-US-NATIONAL-7Y@CONFIRMED_FEDERAL_PROHIBITION_APPLIES; FCRA-605A-4-US-NATIONAL-7Y@CONFIRMED_FEDERAL_PROHIBITION_APPLIES; FCRA-605A-5-US-NATIONAL-7Y@CONFIRMED_FEDERAL_PROHIBITION_APPLIES,REPORT_FORMAT_AND_APPLICATION_DEPENDENCIES,EXERCISED_LOCALLY,US-SHARED-ENGINE,False,EXERCISED_LOCALLY:US-CONSUMER-DISCLOSURE,EXERCISED_LOCALLY:1_CHECKS,EXERCISED_LOCALLY_NOT_LAUNCH_VALIDATED,EXERCISED_LOCALLY:ALL_82,ENTITLEMENT_ENFORCED_SERVER_SIDE_PROVIDER_NOT_CONFIGURED,SERVER_SIDE_ON_PAID_ACTIONS_ONLY,True,EXERCISED_LOCALLY,DEFINED_AND_PUBLISHED,True,MEANINGFUL_STATUTORY_ASSESSMENT,True,REGISTERED_FOR_THE_MARKET,US-CONSUMER-DISCLOSURE,1,0,0,STATUTORY_RULE_COMPARISON,True,EXERCISED_LOCALLY_NOT_LAUNCH_VALIDATED,MEANINGFUL_STATUTORY_ASSESSMENT,INSTRUMENT_CLASS_CONFIRMATION; REGISTER_DISPOSITION_UNRESOLVED,,
US,US-RI,Rhode Island,1,1,0,FCRA-605A-1-US-NATIONAL-10Y@CONFIRMED_FEDERAL_PROHIBITION_APPLIES; FCRA-605A-2-US-NATIONAL-7Y@CONFIRMED_FEDERAL_PROHIBITION_APPLIES; FCRA-605A-3-US-NATIONAL-7Y@CONFIRMED_FEDERAL_PROHIBITION_APPLIES; FCRA-605A-4-US-NATIONAL-7Y@CONFIRMED_FEDERAL_PROHIBITION_APPLIES; FCRA-605A-5-US-NATIONAL-7Y@CONFIRMED_FEDERAL_PROHIBITION_APPLIES,REPORT_FORMAT_AND_APPLICATION_DEPENDENCIES,EXERCISED_LOCALLY,US-SHARED-ENGINE,False,EXERCISED_LOCALLY:US-CONSUMER-DISCLOSURE,EXERCISED_LOCALLY:1_CHECKS,EXERCISED_LOCALLY_NOT_LAUNCH_VALIDATED,EXERCISED_LOCALLY:ALL_82,ENTITLEMENT_ENFORCED_SERVER_SIDE_PROVIDER_NOT_CONFIGURED,SERVER_SIDE_ON_PAID_ACTIONS_ONLY,True,EXERCISED_LOCALLY,DEFINED_AND_PUBLISHED,True,MEANINGFUL_STATUTORY_ASSESSMENT,True,REGISTERED_FOR_THE_MARKET,US-CONSUMER-DISCLOSURE,1,0,0,STATUTORY_RULE_COMPARISON,True,EXERCISED_LOCALLY_NOT_LAUNCH_VALIDATED,MEANINGFUL_STATUTORY_ASSESSMENT,INSTRUMENT_CLASS_CONFIRMATION; REGISTER_DISPOSITION_UNRESOLVED,,
US,US-SC,South Carolina,1,1,0,FCRA-605A-1-US-NATIONAL-10Y@CONFIRMED_FEDERAL_PROHIBITION_APPLIES; FCRA-605A-2-US-NATIONAL-7Y@CONFIRMED_FEDERAL_PROHIBITION_APPLIES; FCRA-605A-3-US-NATIONAL-7Y@CONFIRMED_FEDERAL_PROHIBITION_APPLIES; FCRA-605A-4-US-NATIONAL-7Y@CONFIRMED_FEDERAL_PROHIBITION_APPLIES; FCRA-605A-5-US-NATIONAL-7Y@CONFIRMED_FEDERAL_PROHIBITION_APPLIES,REPORT_FORMAT_AND_APPLICATION_DEPENDENCIES,EXERCISED_LOCALLY,US-SHARED-ENGINE,False,EXERCISED_LOCALLY:US-CONSUMER-DISCLOSURE,EXERCISED_LOCALLY:1_CHECKS,EXERCISED_LOCALLY_NOT_LAUNCH_VALIDATED,EXERCISED_LOCALLY:ALL_82,ENTITLEMENT_ENFORCED_SERVER_SIDE_PROVIDER_NOT_CONFIGURED,SERVER_SIDE_ON_PAID_ACTIONS_ONLY,True,EXERCISED_LOCALLY,DEFINED_AND_PUBLISHED,True,MEANINGFUL_STATUTORY_ASSESSMENT,True,REGISTERED_FOR_THE_MARKET,US-CONSUMER-DISCLOSURE,1,0,0,STATUTORY_RULE_COMPARISON,True,EXERCISED_LOCALLY_NOT_LAUNCH_VALIDATED,MEANINGFUL_STATUTORY_ASSESSMENT,INSTRUMENT_CLASS_CONFIRMATION; REGISTER_DISPOSITION_UNRESOLVED,,
US,US-SD,South Dakota,1,1,0,FCRA-605A-1-US-NATIONAL-10Y@CONFIRMED_FEDERAL_PROHIBITION_APPLIES; FCRA-605A-2-US-NATIONAL-7Y@CONFIRMED_FEDERAL_PROHIBITION_APPLIES; FCRA-605A-3-US-NATIONAL-7Y@CONFIRMED_FEDERAL_PROHIBITION_APPLIES; FCRA-605A-4-US-NATIONAL-7Y@CONFIRMED_FEDERAL_PROHIBITION_APPLIES; FCRA-605A-5-US-NATIONAL-7Y@CONFIRMED_FEDERAL_PROHIBITION_APPLIES,REPORT_FORMAT_AND_APPLICATION_DEPENDENCIES,EXERCISED_LOCALLY,US-SHARED-ENGINE,False,EXERCISED_LOCALLY:US-CONSUMER-DISCLOSURE,EXERCISED_LOCALLY:1_CHECKS,EXERCISED_LOCALLY_NOT_LAUNCH_VALIDATED,EXERCISED_LOCALLY:ALL_82,ENTITLEMENT_ENFORCED_SERVER_SIDE_PROVIDER_NOT_CONFIGURED,SERVER_SIDE_ON_PAID_ACTIONS_ONLY,True,EXERCISED_LOCALLY,DEFINED_AND_PUBLISHED,True,MEANINGFUL_STATUTORY_ASSESSMENT,True,REGISTERED_FOR_THE_MARKET,US-CONSUMER-DISCLOSURE,1,0,0,STATUTORY_RULE_COMPARISON,True,EXERCISED_LOCALLY_NOT_LAUNCH_VALIDATED,MEANINGFUL_STATUTORY_ASSESSMENT,INSTRUMENT_CLASS_CONFIRMATION; REGISTER_DISPOSITION_UNRESOLVED,,
US,US-TN,Tennessee,1,1,0,FCRA-605A-1-US-NATIONAL-10Y@CONFIRMED_FEDERAL_PROHIBITION_APPLIES; FCRA-605A-2-US-NATIONAL-7Y@CONFIRMED_FEDERAL_PROHIBITION_APPLIES; FCRA-605A-3-US-NATIONAL-7Y@CONFIRMED_FEDERAL_PROHIBITION_APPLIES; FCRA-605A-4-US-NATIONAL-7Y@CONFIRMED_FEDERAL_PROHIBITION_APPLIES; FCRA-605A-5-US-NATIONAL-7Y@CONFIRMED_FEDERAL_PROHIBITION_APPLIES,REPORT_FORMAT_AND_APPLICATION_DEPENDENCIES,EXERCISED_LOCALLY,US-SHARED-ENGINE,False,EXERCISED_LOCALLY:US-CONSUMER-DISCLOSURE,EXERCISED_LOCALLY:1_CHECKS,EXERCISED_LOCALLY_NOT_LAUNCH_VALIDATED,EXERCISED_LOCALLY:ALL_82,ENTITLEMENT_ENFORCED_SERVER_SIDE_PROVIDER_NOT_CONFIGURED,SERVER_SIDE_ON_PAID_ACTIONS_ONLY,True,EXERCISED_LOCALLY,DEFINED_AND_PUBLISHED,True,MEANINGFUL_STATUTORY_ASSESSMENT,True,REGISTERED_FOR_THE_MARKET,US-CONSUMER-DISCLOSURE,1,0,0,STATUTORY_RULE_COMPARISON,True,EXERCISED_LOCALLY_NOT_LAUNCH_VALIDATED,MEANINGFUL_STATUTORY_ASSESSMENT,INSTRUMENT_CLASS_CONFIRMATION; REGISTER_DISPOSITION_UNRESOLVED,,
US,US-TX,Texas,1,1,0,FCRA-605A-1-US-NATIONAL-10Y@CONFIRMED_FEDERAL_PROHIBITION_APPLIES; FCRA-605A-2-US-NATIONAL-7Y@CONFIRMED_FEDERAL_PROHIBITION_APPLIES; FCRA-605A-3-US-NATIONAL-7Y@CONFIRMED_FEDERAL_PROHIBITION_APPLIES; FCRA-605A-4-US-NATIONAL-7Y@CONFIRMED_FEDERAL_PROHIBITION_APPLIES; FCRA-605A-5-US-NATIONAL-7Y@CONFIRMED_FEDERAL_PROHIBITION_APPLIES,REPORT_FORMAT_AND_APPLICATION_DEPENDENCIES,EXERCISED_LOCALLY,US-SHARED-ENGINE,False,EXERCISED_LOCALLY:US-CONSUMER-DISCLOSURE,EXERCISED_LOCALLY:1_CHECKS,EXERCISED_LOCALLY_NOT_LAUNCH_VALIDATED,EXERCISED_LOCALLY:ALL_82,ENTITLEMENT_ENFORCED_SERVER_SIDE_PROVIDER_NOT_CONFIGURED,SERVER_SIDE_ON_PAID_ACTIONS_ONLY,True,EXERCISED_LOCALLY,DEFINED_AND_PUBLISHED,True,MEANINGFUL_STATUTORY_ASSESSMENT,True,REGISTERED_FOR_THE_MARKET,US-CONSUMER-DISCLOSURE,1,0,0,STATUTORY_RULE_COMPARISON,True,EXERCISED_LOCALLY_NOT_LAUNCH_VALIDATED,MEANINGFUL_STATUTORY_ASSESSMENT,INSTRUMENT_CLASS_CONFIRMATION; REGISTER_DISPOSITION_UNRESOLVED,,
US,US-UM,United States Minor Outlying Islands,0,0,0,FCRA-605A-1-US-NATIONAL-10Y@CONFIRMED_FEDERAL_PROHIBITION_APPLIES_NO_REGIONAL_SOURCE_RECORDED; FCRA-605A-2-US-NATIONAL-7Y@CONFIRMED_FEDERAL_PROHIBITION_APPLIES_NO_REGIONAL_SOURCE_RECORDED; FCRA-605A-3-US-NATIONAL-7Y@CONFIRMED_FEDERAL_PROHIBITION_APPLIES_NO_REGIONAL_SOURCE_RECORDED; FCRA-605A-4-US-NATIONAL-7Y@CONFIRMED_FEDERAL_PROHIBITION_APPLIES_NO_REGIONAL_SOURCE_RECORDED; FCRA-605A-5-US-NATIONAL-7Y@CONFIRMED_FEDERAL_PROHIBITION_APPLIES_NO_REGIONAL_SOURCE_RECORDED,NOT_ESTABLISHED_FOR_LAUNCH,EXERCISED_LOCALLY,US-SHARED-ENGINE,False,EXERCISED_LOCALLY:US-CONSUMER-DISCLOSURE,EXERCISED_LOCALLY:1_CHECKS,EXERCISED_LOCALLY_NOT_LAUNCH_VALIDATED,EXERCISED_LOCALLY:ALL_82,ENTITLEMENT_ENFORCED_SERVER_SIDE_PROVIDER_NOT_CONFIGURED,SERVER_SIDE_ON_PAID_ACTIONS_ONLY,True,EXERCISED_LOCALLY,DEFINED_AND_PUBLISHED,True,MEANINGFUL_STATUTORY_ASSESSMENT,True,REGISTERED_FOR_THE_MARKET,US-CONSUMER-DISCLOSURE,1,0,0,STATUTORY_RULE_COMPARISON,True,EXERCISED_LOCALLY_NOT_LAUNCH_VALIDATED,MEANINGFUL_STATUTORY_ASSESSMENT,,,NO_EXACT_ACCEPTED_REGION_RECORD
US,US-UT,Utah,2,2,0,FCRA-605A-1-US-NATIONAL-10Y@CONFIRMED_FEDERAL_PROHIBITION_APPLIES; FCRA-605A-2-US-NATIONAL-7Y@CONFIRMED_FEDERAL_PROHIBITION_APPLIES; FCRA-605A-3-US-NATIONAL-7Y@CONFIRMED_FEDERAL_PROHIBITION_APPLIES; FCRA-605A-4-US-NATIONAL-7Y@CONFIRMED_FEDERAL_PROHIBITION_APPLIES; FCRA-605A-5-US-NATIONAL-7Y@CONFIRMED_FEDERAL_PROHIBITION_APPLIES,REPORT_FORMAT_AND_APPLICATION_DEPENDENCIES,EXERCISED_LOCALLY,US-SHARED-ENGINE,False,EXERCISED_LOCALLY:US-CONSUMER-DISCLOSURE,EXERCISED_LOCALLY:1_CHECKS,EXERCISED_LOCALLY_NOT_LAUNCH_VALIDATED,EXERCISED_LOCALLY:ALL_82,ENTITLEMENT_ENFORCED_SERVER_SIDE_PROVIDER_NOT_CONFIGURED,SERVER_SIDE_ON_PAID_ACTIONS_ONLY,True,EXERCISED_LOCALLY,DEFINED_AND_PUBLISHED,True,MEANINGFUL_STATUTORY_ASSESSMENT,True,REGISTERED_FOR_THE_MARKET,US-CONSUMER-DISCLOSURE,1,0,0,STATUTORY_RULE_COMPARISON,True,EXERCISED_LOCALLY_NOT_LAUNCH_VALIDATED,MEANINGFUL_STATUTORY_ASSESSMENT,INSTRUMENT_CLASS_CONFIRMATION; REGISTER_DISPOSITION_UNRESOLVED,,
US,US-VA,Virginia,2,0,0,FCRA-605A-1-US-NATIONAL-10Y@CONFIRMED_FEDERAL_PROHIBITION_APPLIES; FCRA-605A-2-US-NATIONAL-7Y@CONFIRMED_FEDERAL_PROHIBITION_APPLIES; FCRA-605A-3-US-NATIONAL-7Y@CONFIRMED_FEDERAL_PROHIBITION_APPLIES; FCRA-605A-4-US-NATIONAL-7Y@CONFIRMED_FEDERAL_PROHIBITION_APPLIES; FCRA-605A-5-US-NATIONAL-7Y@CONFIRMED_FEDERAL_PROHIBITION_APPLIES,REPORT_FORMAT_AND_APPLICATION_DEPENDENCIES,EXERCISED_LOCALLY,US-SHARED-ENGINE,False,EXERCISED_LOCALLY:US-CONSUMER-DISCLOSURE,EXERCISED_LOCALLY:1_CHECKS,EXERCISED_LOCALLY_NOT_LAUNCH_VALIDATED,EXERCISED_LOCALLY:ALL_82,ENTITLEMENT_ENFORCED_SERVER_SIDE_PROVIDER_NOT_CONFIGURED,SERVER_SIDE_ON_PAID_ACTIONS_ONLY,True,EXERCISED_LOCALLY,DEFINED_AND_PUBLISHED,True,MEANINGFUL_STATUTORY_ASSESSMENT,True,REGISTERED_FOR_THE_MARKET,US-CONSUMER-DISCLOSURE,1,0,0,STATUTORY_RULE_COMPARISON,True,EXERCISED_LOCALLY_NOT_LAUNCH_VALIDATED,MEANINGFUL_STATUTORY_ASSESSMENT,INSTRUMENT_CLASS_CONFIRMATION; LEGACY_OPERATIONAL_MAPPING_AMBIGUOUS:MULTIPLE_LEGACY_ROWS_CARRY_THE_RECORDED_PROVISION; REGISTER_DISPOSITION_UNRESOLVED,,
US,US-VI,"Virgin Islands, U.S.",1,1,0,FCRA-605A-1-US-NATIONAL-10Y@CONFIRMED_FEDERAL_PROHIBITION_APPLIES; FCRA-605A-2-US-NATIONAL-7Y@CONFIRMED_FEDERAL_PROHIBITION_APPLIES; FCRA-605A-3-US-NATIONAL-7Y@CONFIRMED_FEDERAL_PROHIBITION_APPLIES; FCRA-605A-4-US-NATIONAL-7Y@CONFIRMED_FEDERAL_PROHIBITION_APPLIES; FCRA-605A-5-US-NATIONAL-7Y@CONFIRMED_FEDERAL_PROHIBITION_APPLIES,REPORT_FORMAT_AND_APPLICATION_DEPENDENCIES,EXERCISED_LOCALLY,US-SHARED-ENGINE,False,EXERCISED_LOCALLY:US-CONSUMER-DISCLOSURE,EXERCISED_LOCALLY:1_CHECKS,EXERCISED_LOCALLY_NOT_LAUNCH_VALIDATED,EXERCISED_LOCALLY:ALL_82,ENTITLEMENT_ENFORCED_SERVER_SIDE_PROVIDER_NOT_CONFIGURED,SERVER_SIDE_ON_PAID_ACTIONS_ONLY,True,EXERCISED_LOCALLY,DEFINED_AND_PUBLISHED,True,MEANINGFUL_STATUTORY_ASSESSMENT,True,REGISTERED_FOR_THE_MARKET,US-CONSUMER-DISCLOSURE,1,0,0,STATUTORY_RULE_COMPARISON,True,EXERCISED_LOCALLY_NOT_LAUNCH_VALIDATED,MEANINGFUL_STATUTORY_ASSESSMENT,INSTRUMENT_CLASS_CONFIRMATION; REGISTER_DISPOSITION_UNRESOLVED,,
US,US-VT,Vermont,2,2,0,FCRA-605A-1-US-NATIONAL-10Y@CONFIRMED_FEDERAL_PROHIBITION_APPLIES; FCRA-605A-2-US-NATIONAL-7Y@CONFIRMED_FEDERAL_PROHIBITION_APPLIES; FCRA-605A-3-US-NATIONAL-7Y@CONFIRMED_FEDERAL_PROHIBITION_APPLIES; FCRA-605A-4-US-NATIONAL-7Y@CONFIRMED_FEDERAL_PROHIBITION_APPLIES; FCRA-605A-5-US-NATIONAL-7Y@CONFIRMED_FEDERAL_PROHIBITION_APPLIES,REPORT_FORMAT_AND_APPLICATION_DEPENDENCIES,EXERCISED_LOCALLY,US-SHARED-ENGINE,False,EXERCISED_LOCALLY:US-CONSUMER-DISCLOSURE,EXERCISED_LOCALLY:1_CHECKS,EXERCISED_LOCALLY_NOT_LAUNCH_VALIDATED,EXERCISED_LOCALLY:ALL_82,ENTITLEMENT_ENFORCED_SERVER_SIDE_PROVIDER_NOT_CONFIGURED,SERVER_SIDE_ON_PAID_ACTIONS_ONLY,True,EXERCISED_LOCALLY,DEFINED_AND_PUBLISHED,True,MEANINGFUL_STATUTORY_ASSESSMENT,True,REGISTERED_FOR_THE_MARKET,US-CONSUMER-DISCLOSURE,1,0,0,STATUTORY_RULE_COMPARISON,True,EXERCISED_LOCALLY_NOT_LAUNCH_VALIDATED,MEANINGFUL_STATUTORY_ASSESSMENT,INSTRUMENT_CLASS_CONFIRMATION; REGISTER_DISPOSITION_UNRESOLVED,,
US,US-WA,Washington,25,25,0,FCRA-605A-1-US-NATIONAL-10Y@CONFIRMED_FEDERAL_PROHIBITION_APPLIES; FCRA-605A-2-US-NATIONAL-7Y@CONFIRMED_FEDERAL_PROHIBITION_APPLIES; FCRA-605A-3-US-NATIONAL-7Y@CONFIRMED_FEDERAL_PROHIBITION_APPLIES; FCRA-605A-4-US-NATIONAL-7Y@CONFIRMED_FEDERAL_PROHIBITION_APPLIES; FCRA-605A-5-US-NATIONAL-7Y@CONFIRMED_FEDERAL_PROHIBITION_APPLIES,REPORT_FORMAT_AND_APPLICATION_DEPENDENCIES,EXERCISED_LOCALLY,US-SHARED-ENGINE,False,EXERCISED_LOCALLY:US-CONSUMER-DISCLOSURE,EXERCISED_LOCALLY:1_CHECKS,EXERCISED_LOCALLY_NOT_LAUNCH_VALIDATED,EXERCISED_LOCALLY:ALL_82,ENTITLEMENT_ENFORCED_SERVER_SIDE_PROVIDER_NOT_CONFIGURED,SERVER_SIDE_ON_PAID_ACTIONS_ONLY,True,EXERCISED_LOCALLY,DEFINED_AND_PUBLISHED,True,MEANINGFUL_STATUTORY_ASSESSMENT,True,REGISTERED_FOR_THE_MARKET,US-CONSUMER-DISCLOSURE,1,0,0,STATUTORY_RULE_COMPARISON,True,EXERCISED_LOCALLY_NOT_LAUNCH_VALIDATED,MEANINGFUL_STATUTORY_ASSESSMENT,INSTRUMENT_CLASS_CONFIRMATION; REGISTER_DISPOSITION_UNRESOLVED,,
US,US-WI,Wisconsin,1,1,0,FCRA-605A-1-US-NATIONAL-10Y@CONFIRMED_FEDERAL_PROHIBITION_APPLIES; FCRA-605A-2-US-NATIONAL-7Y@CONFIRMED_FEDERAL_PROHIBITION_APPLIES; FCRA-605A-3-US-NATIONAL-7Y@CONFIRMED_FEDERAL_PROHIBITION_APPLIES; FCRA-605A-4-US-NATIONAL-7Y@CONFIRMED_FEDERAL_PROHIBITION_APPLIES; FCRA-605A-5-US-NATIONAL-7Y@CONFIRMED_FEDERAL_PROHIBITION_APPLIES,REPORT_FORMAT_AND_APPLICATION_DEPENDENCIES,EXERCISED_LOCALLY,US-SHARED-ENGINE,False,EXERCISED_LOCALLY:US-CONSUMER-DISCLOSURE,EXERCISED_LOCALLY:1_CHECKS,EXERCISED_LOCALLY_NOT_LAUNCH_VALIDATED,EXERCISED_LOCALLY:ALL_82,ENTITLEMENT_ENFORCED_SERVER_SIDE_PROVIDER_NOT_CONFIGURED,SERVER_SIDE_ON_PAID_ACTIONS_ONLY,True,EXERCISED_LOCALLY,DEFINED_AND_PUBLISHED,True,MEANINGFUL_STATUTORY_ASSESSMENT,True,REGISTERED_FOR_THE_MARKET,US-CONSUMER-DISCLOSURE,1,0,0,STATUTORY_RULE_COMPARISON,True,EXERCISED_LOCALLY_NOT_LAUNCH_VALIDATED,MEANINGFUL_STATUTORY_ASSESSMENT,INSTRUMENT_CLASS_CONFIRMATION; REGISTER_DISPOSITION_UNRESOLVED,,
US,US-WV,West Virginia,2,0,0,FCRA-605A-1-US-NATIONAL-10Y@CONFIRMED_FEDERAL_PROHIBITION_APPLIES; FCRA-605A-2-US-NATIONAL-7Y@CONFIRMED_FEDERAL_PROHIBITION_APPLIES; FCRA-605A-3-US-NATIONAL-7Y@CONFIRMED_FEDERAL_PROHIBITION_APPLIES; FCRA-605A-4-US-NATIONAL-7Y@CONFIRMED_FEDERAL_PROHIBITION_APPLIES; FCRA-605A-5-US-NATIONAL-7Y@CONFIRMED_FEDERAL_PROHIBITION_APPLIES,REPORT_FORMAT_AND_APPLICATION_DEPENDENCIES,EXERCISED_LOCALLY,US-SHARED-ENGINE,False,EXERCISED_LOCALLY:US-CONSUMER-DISCLOSURE,EXERCISED_LOCALLY:1_CHECKS,EXERCISED_LOCALLY_NOT_LAUNCH_VALIDATED,EXERCISED_LOCALLY:ALL_82,ENTITLEMENT_ENFORCED_SERVER_SIDE_PROVIDER_NOT_CONFIGURED,SERVER_SIDE_ON_PAID_ACTIONS_ONLY,True,EXERCISED_LOCALLY,DEFINED_AND_PUBLISHED,True,MEANINGFUL_STATUTORY_ASSESSMENT,True,REGISTERED_FOR_THE_MARKET,US-CONSUMER-DISCLOSURE,1,0,0,STATUTORY_RULE_COMPARISON,True,EXERCISED_LOCALLY_NOT_LAUNCH_VALIDATED,MEANINGFUL_STATUTORY_ASSESSMENT,DUPLICATE_IDENTITY_BOOKKEEPING; INSTRUMENT_CLASS_CONFIRMATION; LEGACY_OPERATIONAL_MAPPING_AMBIGUOUS:MULTIPLE_LEGACY_ROWS_CARRY_THE_RECORDED_PROVISION; REGISTER_DISPOSITION_UNRESOLVED,,
US,US-WY,Wyoming,2,2,0,FCRA-605A-1-US-NATIONAL-10Y@CONFIRMED_FEDERAL_PROHIBITION_APPLIES; FCRA-605A-2-US-NATIONAL-7Y@CONFIRMED_FEDERAL_PROHIBITION_APPLIES; FCRA-605A-3-US-NATIONAL-7Y@CONFIRMED_FEDERAL_PROHIBITION_APPLIES; FCRA-605A-4-US-NATIONAL-7Y@CONFIRMED_FEDERAL_PROHIBITION_APPLIES; FCRA-605A-5-US-NATIONAL-7Y@CONFIRMED_FEDERAL_PROHIBITION_APPLIES,REPORT_FORMAT_AND_APPLICATION_DEPENDENCIES,EXERCISED_LOCALLY,US-SHARED-ENGINE,False,EXERCISED_LOCALLY:US-CONSUMER-DISCLOSURE,EXERCISED_LOCALLY:1_CHECKS,EXERCISED_LOCALLY_NOT_LAUNCH_VALIDATED,EXERCISED_LOCALLY:ALL_82,ENTITLEMENT_ENFORCED_SERVER_SIDE_PROVIDER_NOT_CONFIGURED,SERVER_SIDE_ON_PAID_ACTIONS_ONLY,True,EXERCISED_LOCALLY,DEFINED_AND_PUBLISHED,True,MEANINGFUL_STATUTORY_ASSESSMENT,True,REGISTERED_FOR_THE_MARKET,US-CONSUMER-DISCLOSURE,1,0,0,STATUTORY_RULE_COMPARISON,True,EXERCISED_LOCALLY_NOT_LAUNCH_VALIDATED,MEANINGFUL_STATUTORY_ASSESSMENT,INSTRUMENT_CLASS_CONFIRMATION; REGISTER_DISPOSITION_UNRESOLVED,,
GB,GB-ENG,England,2,1,0,GB-UK-GDPR-ART5-1-D-ART16-ACCURACY@CONFIRMED_UK_WIDE_STATUTE_EXTENT,REPORT_FORMAT_AND_APPLICATION_DEPENDENCIES,EXERCISED_LOCALLY,GB-SHARED-ENGINE,False,EXERCISED_LOCALLY:FAM-GB-EXP-CONSUMER,EXERCISED_LOCALLY:0_CHECKS,EXERCISED_LOCALLY_NOT_LAUNCH_VALIDATED,EXERCISED_LOCALLY:ALL_82,ENTITLEMENT_ENFORCED_SERVER_SIDE_PROVIDER_NOT_CONFIGURED,SERVER_SIDE_ON_PAID_ACTIONS_ONLY,True,EXERCISED_LOCALLY,DEFINED_AND_PUBLISHED,True,MEANINGFUL_STATUTORY_AND_FACTUAL_ASSESSMENT,True,REGISTERED_FOR_THE_MARKET,FAM-GB-EXP-CONSUMER,0,3,1,REPORT_FACT_CONSISTENCY; PRINTED_POLICY_OBSERVATION; COMMON_ERROR; STATUTORY_RULE_COMPARISON,True,EXERCISED_LOCALLY_NOT_LAUNCH_VALIDATED,MEANINGFUL_STATUTORY_AND_FACTUAL_ASSESSMENT,REGISTER_DISPOSITION_UNRESOLVED,CONSUMER_REPORT_EXAMPLE_IS_DATED_2007_SO_CURRENCY_FOR_PRESENT_DAY_GB_FILES_IS_NOT_ESTABLISHED,CONSUMER_REPORT_EXAMPLE_IS_DATED_2007_SO_CURRENCY_FOR_PRESENT_DAY_GB_FILES_IS_NOT_ESTABLISHED
GB,GB-NIR,Northern Ireland,1,0,0,GB-UK-GDPR-ART5-1-D-ART16-ACCURACY@CONFIRMED_UK_WIDE_STATUTE_EXTENT,REPORT_FORMAT_AND_APPLICATION_DEPENDENCIES,EXERCISED_LOCALLY,GB-SHARED-ENGINE,False,EXERCISED_LOCALLY:FAM-GB-EXP-CONSUMER,EXERCISED_LOCALLY:0_CHECKS,EXERCISED_LOCALLY_NOT_LAUNCH_VALIDATED,EXERCISED_LOCALLY:ALL_82,ENTITLEMENT_ENFORCED_SERVER_SIDE_PROVIDER_NOT_CONFIGURED,SERVER_SIDE_ON_PAID_ACTIONS_ONLY,True,EXERCISED_LOCALLY,DEFINED_AND_PUBLISHED,True,MEANINGFUL_STATUTORY_AND_FACTUAL_ASSESSMENT,True,REGISTERED_FOR_THE_MARKET,FAM-GB-EXP-CONSUMER,0,3,1,REPORT_FACT_CONSISTENCY; PRINTED_POLICY_OBSERVATION; COMMON_ERROR; STATUTORY_RULE_COMPARISON,True,EXERCISED_LOCALLY_NOT_LAUNCH_VALIDATED,MEANINGFUL_STATUTORY_AND_FACTUAL_ASSESSMENT,INSTRUMENT_CLASS_CONFIRMATION; LEGACY_OPERATIONAL_MAPPING_NOT_ESTABLISHED; REGISTER_DISPOSITION_UNRESOLVED,CONSUMER_REPORT_EXAMPLE_IS_DATED_2007_SO_CURRENCY_FOR_PRESENT_DAY_GB_FILES_IS_NOT_ESTABLISHED,CONSUMER_REPORT_EXAMPLE_IS_DATED_2007_SO_CURRENCY_FOR_PRESENT_DAY_GB_FILES_IS_NOT_ESTABLISHED
GB,GB-SCT,Scotland,1,1,0,GB-UK-GDPR-ART5-1-D-ART16-ACCURACY@CONFIRMED_UK_WIDE_STATUTE_EXTENT,REPORT_FORMAT_AND_APPLICATION_DEPENDENCIES,EXERCISED_LOCALLY,GB-SHARED-ENGINE,False,EXERCISED_LOCALLY:FAM-GB-EXP-CONSUMER,EXERCISED_LOCALLY:0_CHECKS,EXERCISED_LOCALLY_NOT_LAUNCH_VALIDATED,EXERCISED_LOCALLY:ALL_82,ENTITLEMENT_ENFORCED_SERVER_SIDE_PROVIDER_NOT_CONFIGURED,SERVER_SIDE_ON_PAID_ACTIONS_ONLY,True,EXERCISED_LOCALLY,DEFINED_AND_PUBLISHED,True,MEANINGFUL_STATUTORY_AND_FACTUAL_ASSESSMENT,True,REGISTERED_FOR_THE_MARKET,FAM-GB-EXP-CONSUMER,0,3,1,REPORT_FACT_CONSISTENCY; PRINTED_POLICY_OBSERVATION; COMMON_ERROR; STATUTORY_RULE_COMPARISON,True,EXERCISED_LOCALLY_NOT_LAUNCH_VALIDATED,MEANINGFUL_STATUTORY_AND_FACTUAL_ASSESSMENT,REGISTER_DISPOSITION_UNRESOLVED,CONSUMER_REPORT_EXAMPLE_IS_DATED_2007_SO_CURRENCY_FOR_PRESENT_DAY_GB_FILES_IS_NOT_ESTABLISHED,CONSUMER_REPORT_EXAMPLE_IS_DATED_2007_SO_CURRENCY_FOR_PRESENT_DAY_GB_FILES_IS_NOT_ESTABLISHED
GB,GB-WLS,Wales [Cymru GB-CYM],2,1,0,GB-UK-GDPR-ART5-1-D-ART16-ACCURACY@CONFIRMED_UK_WIDE_STATUTE_EXTENT,REPORT_FORMAT_AND_APPLICATION_DEPENDENCIES,EXERCISED_LOCALLY,GB-SHARED-ENGINE,False,EXERCISED_LOCALLY:FAM-GB-EXP-CONSUMER,EXERCISED_LOCALLY:0_CHECKS,EXERCISED_LOCALLY_NOT_LAUNCH_VALIDATED,EXERCISED_LOCALLY:ALL_82,ENTITLEMENT_ENFORCED_SERVER_SIDE_PROVIDER_NOT_CONFIGURED,SERVER_SIDE_ON_PAID_ACTIONS_ONLY,True,EXERCISED_LOCALLY,DEFINED_AND_PUBLISHED,True,MEANINGFUL_STATUTORY_AND_FACTUAL_ASSESSMENT,True,REGISTERED_FOR_THE_MARKET,FAM-GB-EXP-CONSUMER,0,3,1,REPORT_FACT_CONSISTENCY; PRINTED_POLICY_OBSERVATION; COMMON_ERROR; STATUTORY_RULE_COMPARISON,True,EXERCISED_LOCALLY_NOT_LAUNCH_VALIDATED,MEANINGFUL_STATUTORY_AND_FACTUAL_ASSESSMENT,REGISTER_DISPOSITION_UNRESOLVED,CONSUMER_REPORT_EXAMPLE_IS_DATED_2007_SO_CURRENCY_FOR_PRESENT_DAY_GB_FILES_IS_NOT_ESTABLISHED,CONSUMER_REPORT_EXAMPLE_IS_DATED_2007_SO_CURRENCY_FOR_PRESENT_DAY_GB_FILES_IS_NOT_ESTABLISHED
AU,AU-ACT,Australian Capital Territory,1,0,0,AU-PRIVACY-ACT-1988-S20W-ITEM3-ENQUIRY-5Y@CONFIRMED; AU-PRIVACY-ACT-1988-S20W-ITEM4-DEFAULT-5Y@CONFIRMED; AU-PRIVACY-ACT-1988-S20W-ITEM1-LIABILITY-2Y@CONFIRMED,REPORT_FORMAT_AND_APPLICATION_DEPENDENCIES,EXERCISED_LOCALLY,AU-SHARED-ENGINE,False,EXERCISED_LOCALLY:FAM-AU-EQX-CONSUMER,EXERCISED_LOCALLY:2_CHECKS,EXERCISED_LOCALLY_NOT_LAUNCH_VALIDATED,EXERCISED_LOCALLY:ALL_82,ENTITLEMENT_ENFORCED_SERVER_SIDE_PROVIDER_NOT_CONFIGURED,SERVER_SIDE_ON_PAID_ACTIONS_ONLY,True,EXERCISED_LOCALLY,DEFINED_AND_PUBLISHED,True,MEANINGFUL_STATUTORY_ASSESSMENT,True,REGISTERED_FOR_THE_MARKET,FAM-AU-EQX-CONSUMER,2,0,0,STATUTORY_RULE_COMPARISON,True,EXERCISED_LOCALLY_NOT_LAUNCH_VALIDATED,MEANINGFUL_STATUTORY_ASSESSMENT,LEGACY_OPERATIONAL_MAPPING_NOT_ESTABLISHED; REGISTER_DISPOSITION_UNRESOLVED,,
AU,AU-NSW,New South Wales,1,0,0,AU-PRIVACY-ACT-1988-S20W-ITEM3-ENQUIRY-5Y@CONFIRMED; AU-PRIVACY-ACT-1988-S20W-ITEM4-DEFAULT-5Y@CONFIRMED; AU-PRIVACY-ACT-1988-S20W-ITEM1-LIABILITY-2Y@CONFIRMED,REPORT_FORMAT_AND_APPLICATION_DEPENDENCIES,EXERCISED_LOCALLY,AU-SHARED-ENGINE,False,EXERCISED_LOCALLY:FAM-AU-EQX-CONSUMER,EXERCISED_LOCALLY:2_CHECKS,EXERCISED_LOCALLY_NOT_LAUNCH_VALIDATED,EXERCISED_LOCALLY:ALL_82,ENTITLEMENT_ENFORCED_SERVER_SIDE_PROVIDER_NOT_CONFIGURED,SERVER_SIDE_ON_PAID_ACTIONS_ONLY,True,EXERCISED_LOCALLY,DEFINED_AND_PUBLISHED,True,MEANINGFUL_STATUTORY_ASSESSMENT,True,REGISTERED_FOR_THE_MARKET,FAM-AU-EQX-CONSUMER,2,0,0,STATUTORY_RULE_COMPARISON,True,EXERCISED_LOCALLY_NOT_LAUNCH_VALIDATED,MEANINGFUL_STATUTORY_ASSESSMENT,LEGACY_OPERATIONAL_MAPPING_NOT_ESTABLISHED; REGISTER_DISPOSITION_UNRESOLVED,,
AU,AU-NT,Northern Territory,1,0,0,AU-PRIVACY-ACT-1988-S20W-ITEM3-ENQUIRY-5Y@CONFIRMED; AU-PRIVACY-ACT-1988-S20W-ITEM4-DEFAULT-5Y@CONFIRMED; AU-PRIVACY-ACT-1988-S20W-ITEM1-LIABILITY-2Y@CONFIRMED,REPORT_FORMAT_AND_APPLICATION_DEPENDENCIES,EXERCISED_LOCALLY,AU-SHARED-ENGINE,False,EXERCISED_LOCALLY:FAM-AU-EQX-CONSUMER,EXERCISED_LOCALLY:2_CHECKS,EXERCISED_LOCALLY_NOT_LAUNCH_VALIDATED,EXERCISED_LOCALLY:ALL_82,ENTITLEMENT_ENFORCED_SERVER_SIDE_PROVIDER_NOT_CONFIGURED,SERVER_SIDE_ON_PAID_ACTIONS_ONLY,True,EXERCISED_LOCALLY,DEFINED_AND_PUBLISHED,True,MEANINGFUL_STATUTORY_ASSESSMENT,True,REGISTERED_FOR_THE_MARKET,FAM-AU-EQX-CONSUMER,2,0,0,STATUTORY_RULE_COMPARISON,True,EXERCISED_LOCALLY_NOT_LAUNCH_VALIDATED,MEANINGFUL_STATUTORY_ASSESSMENT,LEGACY_OPERATIONAL_MAPPING_NOT_ESTABLISHED; REGISTER_DISPOSITION_UNRESOLVED,,
AU,AU-QLD,Queensland,1,0,0,AU-PRIVACY-ACT-1988-S20W-ITEM3-ENQUIRY-5Y@CONFIRMED; AU-PRIVACY-ACT-1988-S20W-ITEM4-DEFAULT-5Y@CONFIRMED; AU-PRIVACY-ACT-1988-S20W-ITEM1-LIABILITY-2Y@CONFIRMED,REPORT_FORMAT_AND_APPLICATION_DEPENDENCIES,EXERCISED_LOCALLY,AU-SHARED-ENGINE,False,EXERCISED_LOCALLY:FAM-AU-EQX-CONSUMER,EXERCISED_LOCALLY:2_CHECKS,EXERCISED_LOCALLY_NOT_LAUNCH_VALIDATED,EXERCISED_LOCALLY:ALL_82,ENTITLEMENT_ENFORCED_SERVER_SIDE_PROVIDER_NOT_CONFIGURED,SERVER_SIDE_ON_PAID_ACTIONS_ONLY,True,EXERCISED_LOCALLY,DEFINED_AND_PUBLISHED,True,MEANINGFUL_STATUTORY_ASSESSMENT,True,REGISTERED_FOR_THE_MARKET,FAM-AU-EQX-CONSUMER,2,0,0,STATUTORY_RULE_COMPARISON,True,EXERCISED_LOCALLY_NOT_LAUNCH_VALIDATED,MEANINGFUL_STATUTORY_ASSESSMENT,LEGACY_OPERATIONAL_MAPPING_NOT_ESTABLISHED; REGISTER_DISPOSITION_UNRESOLVED,,
AU,AU-SA,South Australia,1,0,0,AU-PRIVACY-ACT-1988-S20W-ITEM3-ENQUIRY-5Y@CONFIRMED; AU-PRIVACY-ACT-1988-S20W-ITEM4-DEFAULT-5Y@CONFIRMED; AU-PRIVACY-ACT-1988-S20W-ITEM1-LIABILITY-2Y@CONFIRMED,REPORT_FORMAT_AND_APPLICATION_DEPENDENCIES,EXERCISED_LOCALLY,AU-SHARED-ENGINE,False,EXERCISED_LOCALLY:FAM-AU-EQX-CONSUMER,EXERCISED_LOCALLY:2_CHECKS,EXERCISED_LOCALLY_NOT_LAUNCH_VALIDATED,EXERCISED_LOCALLY:ALL_82,ENTITLEMENT_ENFORCED_SERVER_SIDE_PROVIDER_NOT_CONFIGURED,SERVER_SIDE_ON_PAID_ACTIONS_ONLY,True,EXERCISED_LOCALLY,DEFINED_AND_PUBLISHED,True,MEANINGFUL_STATUTORY_ASSESSMENT,True,REGISTERED_FOR_THE_MARKET,FAM-AU-EQX-CONSUMER,2,0,0,STATUTORY_RULE_COMPARISON,True,EXERCISED_LOCALLY_NOT_LAUNCH_VALIDATED,MEANINGFUL_STATUTORY_ASSESSMENT,LEGACY_OPERATIONAL_MAPPING_NOT_ESTABLISHED; REGISTER_DISPOSITION_UNRESOLVED,,
AU,AU-TAS,Tasmania,1,0,0,AU-PRIVACY-ACT-1988-S20W-ITEM3-ENQUIRY-5Y@CONFIRMED; AU-PRIVACY-ACT-1988-S20W-ITEM4-DEFAULT-5Y@CONFIRMED; AU-PRIVACY-ACT-1988-S20W-ITEM1-LIABILITY-2Y@CONFIRMED,REPORT_FORMAT_AND_APPLICATION_DEPENDENCIES,EXERCISED_LOCALLY,AU-SHARED-ENGINE,False,EXERCISED_LOCALLY:FAM-AU-EQX-CONSUMER,EXERCISED_LOCALLY:2_CHECKS,EXERCISED_LOCALLY_NOT_LAUNCH_VALIDATED,EXERCISED_LOCALLY:ALL_82,ENTITLEMENT_ENFORCED_SERVER_SIDE_PROVIDER_NOT_CONFIGURED,SERVER_SIDE_ON_PAID_ACTIONS_ONLY,True,EXERCISED_LOCALLY,DEFINED_AND_PUBLISHED,True,MEANINGFUL_STATUTORY_ASSESSMENT,True,REGISTERED_FOR_THE_MARKET,FAM-AU-EQX-CONSUMER,2,0,0,STATUTORY_RULE_COMPARISON,True,EXERCISED_LOCALLY_NOT_LAUNCH_VALIDATED,MEANINGFUL_STATUTORY_ASSESSMENT,LEGACY_OPERATIONAL_MAPPING_NOT_ESTABLISHED; REGISTER_DISPOSITION_UNRESOLVED,,
AU,AU-VIC,Victoria,1,0,0,AU-PRIVACY-ACT-1988-S20W-ITEM3-ENQUIRY-5Y@CONFIRMED; AU-PRIVACY-ACT-1988-S20W-ITEM4-DEFAULT-5Y@CONFIRMED; AU-PRIVACY-ACT-1988-S20W-ITEM1-LIABILITY-2Y@CONFIRMED,REPORT_FORMAT_AND_APPLICATION_DEPENDENCIES,EXERCISED_LOCALLY,AU-SHARED-ENGINE,False,EXERCISED_LOCALLY:FAM-AU-EQX-CONSUMER,EXERCISED_LOCALLY:2_CHECKS,EXERCISED_LOCALLY_NOT_LAUNCH_VALIDATED,EXERCISED_LOCALLY:ALL_82,ENTITLEMENT_ENFORCED_SERVER_SIDE_PROVIDER_NOT_CONFIGURED,SERVER_SIDE_ON_PAID_ACTIONS_ONLY,True,EXERCISED_LOCALLY,DEFINED_AND_PUBLISHED,True,MEANINGFUL_STATUTORY_ASSESSMENT,True,REGISTERED_FOR_THE_MARKET,FAM-AU-EQX-CONSUMER,2,0,0,STATUTORY_RULE_COMPARISON,True,EXERCISED_LOCALLY_NOT_LAUNCH_VALIDATED,MEANINGFUL_STATUTORY_ASSESSMENT,LEGACY_OPERATIONAL_MAPPING_NOT_ESTABLISHED; REGISTER_DISPOSITION_UNRESOLVED,,
AU,AU-WA,Western Australia,1,0,0,AU-PRIVACY-ACT-1988-S20W-ITEM3-ENQUIRY-5Y@CONFIRMED; AU-PRIVACY-ACT-1988-S20W-ITEM4-DEFAULT-5Y@CONFIRMED; AU-PRIVACY-ACT-1988-S20W-ITEM1-LIABILITY-2Y@CONFIRMED,REPORT_FORMAT_AND_APPLICATION_DEPENDENCIES,EXERCISED_LOCALLY,AU-SHARED-ENGINE,False,EXERCISED_LOCALLY:FAM-AU-EQX-CONSUMER,EXERCISED_LOCALLY:2_CHECKS,EXERCISED_LOCALLY_NOT_LAUNCH_VALIDATED,EXERCISED_LOCALLY:ALL_82,ENTITLEMENT_ENFORCED_SERVER_SIDE_PROVIDER_NOT_CONFIGURED,SERVER_SIDE_ON_PAID_ACTIONS_ONLY,True,EXERCISED_LOCALLY,DEFINED_AND_PUBLISHED,True,MEANINGFUL_STATUTORY_ASSESSMENT,True,REGISTERED_FOR_THE_MARKET,FAM-AU-EQX-CONSUMER,2,0,0,STATUTORY_RULE_COMPARISON,True,EXERCISED_LOCALLY_NOT_LAUNCH_VALIDATED,MEANINGFUL_STATUTORY_ASSESSMENT,LEGACY_OPERATIONAL_MAPPING_NOT_ESTABLISHED; REGISTER_DISPOSITION_UNRESOLVED,,
