section,title,executed_assertions,passed,failed_checks,section_exceptions,duration_ms,lexical_check_sites,KEEP,REMOVE_DUPLICATE,ARCHIVE,REWRITE,CONSOLIDATE
"a-isolation","Account isolation on every case, file and result operation","19","19","0","0","293","12","19","","","",""
"ax-consumer-privacy","Account-owned privacy inventory, retention and controlled deletion","25","25","0","0","5127","23","25","","","",""
"b-refusals","Jurisdiction and upload refusals, including the lookalike PDF","224","224","0","0","7677","32","224","","","",""
"c-extraction","Extraction failure is never reported as field absence","36","36","0","0","1827","19","36","","","",""
"d-records","Records never borrow each other's dates or values","22","22","0","0","82","20","22","","","",""
"e-qualifications","Qualifications, no comprehensive-check implication, a blocked check is not a performed check","50","50","0","0","224","20","48","2","","",""
"f-deletion","Sign-out and deletion stop subsequent access, and remove stored bytes","26","26","0","0","3452","26","26","","","",""
"g-privacy","No private file or identifier in logs or public assets","52","52","0","0","1711","18","52","","","",""
"h-legacy-parity","Legacy upload-gate and ownership semantics, verified read-only","25","25","0","0","7","26","10","","15","",""
"i-shared-regressions","The B1 all-82 routing and adapter suites still pass","6","6","0","0","153","7","5","","","1",""
"j-specimen-journey","The real journey on the evidenced specimen","42","42","0","0","1835","43","42","","","",""
"k-ui-smoke","The private consumer UI renders and drives the service","32","27","5","0","114","32","27","","","5",""
"l-au-format-family","The AU consumer format family: real captured evidence, synthetic behaviour, refusals","85","85","0","0","1990","81","85","","","",""
"m-au-journey","The complete Australian consumer journey on the captured public sample","103","103","0","0","1402","62","103","","","",""
"n-applicability","Explicit per-region applicability, tested for every region","886","886","0","0","50","91","","","","","886"
"o-all82-infrastructure","Shared account, case, upload, evaluation, status and deletion across all 82 selections","2056","2056","0","0","17556","35","","","","","2056"
"p-us-consumer-format","The United States consumer disclosure, read by authorized local OCR","76","76","0","0","49322","72","76","","","",""
"q-record-applicability","Per-record applicability: APPLICABLE / NOT_APPLICABLE / APPLICABILITY_UNRESOLVED","49","49","0","0","14209","49","49","","","",""
"r-ca-factual-assessment","Canadian factual assessment for all 13 Canadian selections, with CA-NS statutory evaluation kept separate","236","236","0","0","5587","101","236","","","",""
"s-gb-consumer-format","The United Kingdom consumer format, its factual checks and its explicitly labelled policy observations","119","119","0","0","6245","79","119","","","",""
"t-entitlement","Paid entitlement: server-side enforcement, activation, expiry, cancellation, idempotency and failed verification","140","140","0","0","671","114","140","","","",""
"u-hardening","Service hardening: sessions, concurrency, upload limits, restart recovery, single writer, retention and deletion","108","108","0","0","28315","88","108","","","",""
"v-presentation-and-release","Presentation gaps closed or bounded: Canadian family scope, GB currency, coverage messaging and the local release check","118","118","0","0","1423","99","109","","8","1",""
"w-ca-second-bureau-format","The second Canadian consumer format, admitted by its own measured structural contract, with the Equifax admission and the Nova Scotia statutory unit untouched","227","227","0","0","10456","159","227","","","",""
"x-b4-pay-001","Once-only CAD upgrade credit (reserve/redeem/release/revoke) and the paid assessment-report download","21","21","0","0","348","21","21","","","",""
"y-ingest-coverage-matrix","The coverage matrix agrees with the registry and names the unsupported-bureau acquisition queue","19","19","0","0","6","12","19","","","",""
"z-general-intake","General bureau-report intake: plausibility admission, usable extraction, unrelated vs unreadable refusals, partial assessment","75","75","0","0","890","75","75","","","",""
"ab-acceptance-statutory","Four connected statutory checks: exceeded, not-exceeded, missing-fact and equiv-layout, via the engine and the consumer journey","17","17","0","0","237","17","17","","","",""
"ac-evidence-policy","Reported-fact policy v1.0: immutable digest, enforced acceptance of a clearly labelled discharge date, and preserved exact-specimen restriction","46","46","0","0","14","43","46","","","",""
"ad-legal-event-facts","Reassessed public-record legal-event facts: judgment entry, tax lien paid, and bankruptcy order for relief / adjudication","23","23","0","0","28","23","23","","","",""
"ae-accept-003","ACCEPT-003 D1–D4: collection 180-day rule, satisfied-judgment condition, and per-rule classification","17","17","0","0","14","17","17","","","",""
"af-accept-004","ACCEPT-004: classification is derived from a complete evaluation record and capped by the ceiling","47","47","0","0","24","47","47","","","",""
"ag-accept-006","ACCEPT-007: detected report information is separate from legal predicate evaluation","18","18","0","0","10","18","18","","","",""
"ah-multifile-assessment","Coherent multi-file / image-set assessment: both pages reach the assessment, duplicates are not double-counted, bureaus stay separate","66","66","0","0","404","65","66","","","",""
"aj-ingest-dates","GAP-INGEST-003..007: OCR-uncertainty through assessment; written/numeric/partial/reference dates","37","37","0","0","10","37","37","","","",""
"ak-ingest-008-009-010","GAP-INGEST-008/-009/-010: partial native-text recovery, bureau segmentation, upload limits","40","40","0","0","10","40","40","","","",""
"al-common-errors","BLOCKER-COMMON-ERRORS-001: data-consistency checks, never a legal finding","62","62","0","0","12","62","60","","","2",""
"am-fdt-recovery","BLOCKER-FDT-001: incomplete-reading detection, bounded recovery, consequential limitations, duplicate semantics, benchmark","52","52","0","0","831","52","52","","","",""
"an-payment-history-grid","OWNER-ACCEPT-009: geometry-aware payment-history grid assembly","20","20","0","0","1392","20","20","","","",""
"ao-ingest-008-mixed-page","GAP-INGEST-008: single-page partial-text recovery (native text + image-only region)","27","27","0","0","3123","27","27","","","",""
"ap-accept-010-consistency","OWNER-ACCEPT-010: build consistency C1-C5","74","74","0","0","504","73","74","","","",""
"aq-gap-finding-001","GAP-FINDING-001: exceptions stay unresolved where the report cannot establish event identity or completeness","10","10","0","0","12","10","10","","","",""
"ar-gap-finding-003","GAP-FINDING-003: evaluations and findings bind to the admitted rule identity and source version","11","11","0","0","6","11","11","","","",""
"as-gap-finding-004","GAP-FINDING-004: findings carry source-linked facts (raw value, location, normalization, uncertainty, policy) and refuse absent/misassociated evidence","15","15","0","0","11","15","15","","","",""
"at-gap-finding-002","GAP-FINDING-002: the scoped unverified order-for-relief candidate derives PROBABLE (and only that trigger)","12","12","0","0","18","12","12","","","",""
"au-closure-policy","Implementation closure and staging verification are separate","13","13","0","0","23","13","13","","","",""
"av-consumer-results","BLOCKER-RESULTS-001: prioritized action list (deterministic, plain-English, qualified, isolated)","25","25","0","0","12","17","24","","","1",""
"aw-consumer-explanations","BLOCKER-EXPLANATIONS-001: why-this-was-flagged cards (report_fact, rule_basis, uncertainty, consistency)","34","34","0","0","20","34","34","","","",""
"ay-consumer-support","Privacy-safe account-owned diagnostic reference (reference, redaction, access, usefulness)","35","35","0","0","1887","26","35","","","",""
"az-consumer-support-ui","BLOCKER-SUPPORT-001: Support interface behavior and reference secret lifecycle","11","5","6","1","57","20","5","","","6",""
"ba-consumer-billing","BLOCKER-BILLING-001: billing consumer interface and server enforcement","35","25","10","1","287","40","25","","","10",""
"bb-gap-ingest-001","GAP-INGEST-001: ordered image-set / multi-page coherence","39","39","0","0","429","39","39","","","",""
"bc-gap-ingest-002","GAP-INGEST-002: multi-line account/collection/public-record boundaries","24","24","0","0","283","24","24","","","",""
"bd-gap-ingest-004","GAP-INGEST-004: unambiguous written date forms","34","34","0","0","239","34","34","","","",""
"be-gap-ingest-005","GAP-INGEST-005: numeric date conventions","25","25","0","0","245","25","25","","","",""
"bf-gap-ingest-006","GAP-INGEST-006: month-only / partial-date precision","25","25","0","0","237","25","25","","","",""
"bg-report-use","OWNER-REPORT-USE-POLICY-001: report-use clarification is fail-closed and negation-only","73","73","0","0","1569","67","73","","","",""
"bh-ns-judgment-content","OWNER-CANDIDATE-002: Nova Scotia judgment-content omission (extraction + evaluation complete, finding disabled)","33","33","0","0","229","33","33","","","",""
"bh-ns-dismissed-charge","OWNER-CANDIDATE-003: Nova Scotia dismissed-charge prohibition (enabled finding, corrected semantics)","36","36","0","0","236","36","36","","","",""
"bi-us-ca-tax-lien","OWNER-CANDIDATE-005: California paid-tax-lien obsolescence (finding verified)","17","17","0","0","231","17","17","","","",""
"bj-us-ca-collection","OWNER-CANDIDATE-006: California collection-account obsolescence (finding verified)","27","27","0","0","437","27","27","","","",""
"bk-us-ca-adverse-rating","OWNER-CANDIDATE-007 (B): California adverse-information obsolescence (fail closed, tri-state context)","25","25","0","0","239","21","25","","","",""
"bl-us-ca-correction-packet","OWNER-CA-CORRECTION-PACKET-001: bounded California correction packet (select/review/edit/approve/download)","43","43","0","0","1008","43","39","","","4",""
"bm-prime-directive-batch1","OWNER-POTENTIAL-ISSUE-001: complete common-issue consumer journey (potential discrepancy -> verification packet)","49","49","0","0","767","49","49","","","",""
"bn-prime-directive-ui","OWNER-POTENTIAL-ISSUE-001: MOCKED UI render test — potential issue card and correction-packet block render (no service, no browser)","13","13","0","0","58","13","13","","","",""
"bo-prime-directive-interaction","OWNER-POTENTIAL-ISSUE-001: Wizzard interaction against the real service (select/save/approve/download + unsaved edits)","16","16","0","0","518","16","16","","","",""
"bp-prime-directive-batch2","OWNER-POTENTIAL-ISSUE-001: ordinary-account batch (balance/past-due, potential duplicate, responsibility conflict)","42","42","0","0","1067","42","42","","","",""
"bq-format-capability","OWNER-POTENTIAL-ISSUE-001 Branch A: field-capability format coverage (AU/GB/TU-CA account-dates; named gaps)","25","25","0","0","7","25","25","","","",""
"br-qualified-assessment","OWNER-POTENTIAL-ISSUE-001 Branch B: separate qualified assessment (unresolved exception -> PROBABLE)","15","15","0","0","9","15","15","","","",""
"bs-prime-directive-delivery","OWNER-POTENTIAL-ISSUE-001 delivery: qualified retention + AU contradictory-date through the complete packet path","27","27","0","0","1324","27","27","","","",""
"bt-ordinary-field-coverage","OWNER-POTENTIAL-ISSUE-001 Branch A: lifecycle vs repayment status meaning","12","12","0","0","272","12","12","","","",""
"bu-gb-tu-ca-fields","OWNER-POTENTIAL-ISSUE-001 Branch B: GB-Experian + TU-CA ordinary-account date fields","17","17","0","0","164","17","17","","","",""
"bv-admission-and-upload","OWNER-POTENTIAL-ISSUE-001: admission contracts, AU/GB upload fixtures, US balance/past-due","27","27","0","0","1867","24","27","","","",""
"bw-browser-wizzard","OWNER-POTENTIAL-ISSUE-001: real-browser Wizzard acceptance (potential/probable/partial-selection/edit-after-approval/benign)","28","28","0","0","11035","29","28","","","",""
"bx-all82-factual-verification","OWNER-ALL82-001: the general-intake potential-issue journey (select/approve/download) across all 82 jurisdictions","7","7","0","0","112789","7","6","","","1",""
"by-packet-reconciliation","OWNER-POTENTIAL-ISSUE-001: reconcile every emitted finding with the unified Issue and packet path","68","68","0","0","754","31","68","","","",""
"bz-report-history","BLOCKER-SUBSCRIPTION-VALUE-001: owned report history and evidence-based comparison","43","43","0","0","2944","43","43","","","",""
