country,region,name,accepted_exact_records,period_executable_candidates_exact,national_period_candidates_by_mechanical_country_token,adapter_coverage,report_format_dependency,concrete_blockers,working_evaluation_support
CA,CA-AB,Alberta,4,0,0,CA-AB-CPA-CPRR-S4-B-DEBT-LAST-PAYMENT-6Y@EXACT_MATCH,REPORT_FORMAT_AND_APPLICATION_DEPENDENCIES,LEGACY_OPERATIONAL_MAPPING_NOT_ESTABLISHED; REGISTER_DISPOSITION_UNRESOLVED; SECTION_NOT_VERIFIED_IN_THE_LEGACY_REGISTRY,NONE_ADMITTED_FOR_LAUNCH
CA,CA-BC,British Columbia,4,0,0,,REPORT_FORMAT_AND_APPLICATION_DEPENDENCIES,LEGACY_OPERATIONAL_MAPPING_NOT_ESTABLISHED; REGISTER_DISPOSITION_UNRESOLVED; SECTION_NOT_VERIFIED_IN_THE_LEGACY_REGISTRY,NONE_ADMITTED_FOR_LAUNCH
CA,CA-MB,Manitoba,4,0,0,CA-MB-PIA-S4-E-JUDGMENT-CONTENT-OMISSION@EXACT_MATCH,REPORT_FORMAT_AND_APPLICATION_DEPENDENCIES,LEGACY_OPERATIONAL_MAPPING_NOT_ESTABLISHED; REGISTER_DISPOSITION_UNRESOLVED; SECTION_NOT_VERIFIED_IN_THE_LEGACY_REGISTRY,NONE_ADMITTED_FOR_LAUNCH
CA,CA-NB,New Brunswick,4,0,0,,REPORT_FORMAT_AND_APPLICATION_DEPENDENCIES,LEGACY_OPERATIONAL_MAPPING_NOT_ESTABLISHED; REGISTER_DISPOSITION_UNRESOLVED; SECTION_NOT_VERIFIED_IN_THE_LEGACY_REGISTRY,NONE_ADMITTED_FOR_LAUNCH
CA,CA-NL,Newfoundland and Labrador,4,0,0,CA-NL-CPBPA-S39-1-G-DISMISSED-CHARGE@EXACT_MATCH,REPORT_FORMAT_AND_APPLICATION_DEPENDENCIES,LEGACY_OPERATIONAL_MAPPING_NOT_ESTABLISHED; REGISTER_DISPOSITION_UNRESOLVED; SECTION_NOT_VERIFIED_IN_THE_LEGACY_REGISTRY,NONE_ADMITTED_FOR_LAUNCH
CA,CA-NS,Nova Scotia,15,2,0,CA-NS-CRA-S10-3-C-LIMB-1@EXACT_MATCH; CA-NS-CRA-S10-3-E-BANKRUPTCY-6Y@EXACT_MATCH; CA-NS-CRA-S10-3-D-JUDGMENT-CONTENT@EXACT_MATCH; CA-NS-CRA-S10-3-F-DISMISSED-CHARGE@EXACT_MATCH,REPORT_FORMAT_AND_APPLICATION_DEPENDENCIES,DUPLICATE_IDENTITY_BOOKKEEPING; INSTRUMENT_CLASS_CONFIRMATION; LEGACY_OPERATIONAL_MAPPING_NOT_ESTABLISHED; REGISTER_DISPOSITION_UNRESOLVED; SECTION_NOT_VERIFIED_IN_THE_LEGACY_REGISTRY,NONE_ADMITTED_FOR_LAUNCH
CA,CA-NT,Northwest Territories,3,0,0,CA-NT-PIPEDA-SCH1-4-6-ACCURACY@EXACT_MATCH,REPORT_FORMAT_AND_APPLICATION_DEPENDENCIES,LEGACY_OPERATIONAL_MAPPING_NOT_ESTABLISHED; REGISTER_DISPOSITION_UNRESOLVED; SECTION_NOT_VERIFIED_IN_THE_LEGACY_REGISTRY,NONE_ADMITTED_FOR_LAUNCH
CA,CA-NU,Nunavut,3,0,0,CA-NU-PIPEDA-SCH1-4-6-ACCURACY@EXACT_MATCH,REPORT_FORMAT_AND_APPLICATION_DEPENDENCIES,LEGACY_OPERATIONAL_MAPPING_NOT_ESTABLISHED; REGISTER_DISPOSITION_UNRESOLVED; SECTION_NOT_VERIFIED_IN_THE_LEGACY_REGISTRY,NONE_ADMITTED_FOR_LAUNCH
CA,CA-ON,Ontario,15,0,0,CA-ON-CRA-S9-3-A-RELIABLE-EVIDENCE-BASIS@EXACT_MATCH,REPORT_FORMAT_AND_APPLICATION_DEPENDENCIES,DUPLICATE_IDENTITY_BOOKKEEPING; INSTRUMENT_CLASS_CONFIRMATION; LEGACY_OPERATIONAL_MAPPING_NOT_ESTABLISHED; REGISTER_DISPOSITION_UNRESOLVED; SECTION_NOT_VERIFIED_IN_THE_LEGACY_REGISTRY,NONE_ADMITTED_FOR_LAUNCH
CA,CA-PE,Prince Edward Island,4,0,0,CA-PE-CRA-S9-3-D-JUDGMENT-CONTENT-OMISSION@EXACT_MATCH; CA-PE-CRA-S9-3-J-DISMISSED-CHARGE@EXACT_MATCH,REPORT_FORMAT_AND_APPLICATION_DEPENDENCIES,LEGACY_OPERATIONAL_MAPPING_NOT_ESTABLISHED; REGISTER_DISPOSITION_UNRESOLVED; SECTION_NOT_VERIFIED_IN_THE_LEGACY_REGISTRY,NONE_ADMITTED_FOR_LAUNCH
CA,CA-QC,Quebec,2,0,0,,REPORT_FORMAT_AND_APPLICATION_DEPENDENCIES,INSTRUMENT_CLASS_CONFIRMATION; LEGACY_OPERATIONAL_MAPPING_NOT_ESTABLISHED; REGISTER_DISPOSITION_UNRESOLVED; SECTION_NOT_VERIFIED_IN_THE_LEGACY_REGISTRY,NONE_ADMITTED_FOR_LAUNCH
CA,CA-SK,Saskatchewan,4,0,0,,REPORT_FORMAT_AND_APPLICATION_DEPENDENCIES,LEGACY_OPERATIONAL_MAPPING_NOT_ESTABLISHED; REGISTER_DISPOSITION_UNRESOLVED; SECTION_NOT_VERIFIED_IN_THE_LEGACY_REGISTRY,NONE_ADMITTED_FOR_LAUNCH
CA,CA-YT,Yukon,3,0,0,CA-YT-PIPEDA-SCH1-4-6-ACCURACY@EXACT_MATCH,REPORT_FORMAT_AND_APPLICATION_DEPENDENCIES,LEGACY_OPERATIONAL_MAPPING_NOT_ESTABLISHED; REGISTER_DISPOSITION_UNRESOLVED; SECTION_NOT_VERIFIED_IN_THE_LEGACY_REGISTRY,NONE_ADMITTED_FOR_LAUNCH
US,US-AK,Alaska,1,0,5,FCRA-605A-1-US-NATIONAL-10Y@CONFIRMED_FEDERAL_PROHIBITION_APPLIES; FCRA-605A-2-US-NATIONAL-7Y@CONFIRMED_FEDERAL_PROHIBITION_APPLIES; FCRA-605A-3-US-NATIONAL-7Y@CONFIRMED_FEDERAL_PROHIBITION_APPLIES; FCRA-605A-4-US-NATIONAL-7Y@CONFIRMED_FEDERAL_PROHIBITION_APPLIES; FCRA-605A-5-US-NATIONAL-7Y@CONFIRMED_FEDERAL_PROHIBITION_APPLIES,REPORT_FORMAT_AND_APPLICATION_DEPENDENCIES,INSTRUMENT_CLASS_CONFIRMATION; REGISTER_DISPOSITION_UNRESOLVED,NONE_ADMITTED_FOR_LAUNCH
US,US-AL,Alabama,3,0,5,FCRA-605A-1-US-NATIONAL-10Y@CONFIRMED_FEDERAL_PROHIBITION_APPLIES; FCRA-605A-2-US-NATIONAL-7Y@CONFIRMED_FEDERAL_PROHIBITION_APPLIES; FCRA-605A-3-US-NATIONAL-7Y@CONFIRMED_FEDERAL_PROHIBITION_APPLIES; FCRA-605A-4-US-NATIONAL-7Y@CONFIRMED_FEDERAL_PROHIBITION_APPLIES; FCRA-605A-5-US-NATIONAL-7Y@CONFIRMED_FEDERAL_PROHIBITION_APPLIES,REPORT_FORMAT_AND_APPLICATION_DEPENDENCIES,INSTRUMENT_CLASS_CONFIRMATION; REGISTER_DISPOSITION_UNRESOLVED,NONE_ADMITTED_FOR_LAUNCH
US,US-AR,Arkansas,3,0,5,FCRA-605A-1-US-NATIONAL-10Y@CONFIRMED_FEDERAL_PROHIBITION_APPLIES; FCRA-605A-2-US-NATIONAL-7Y@CONFIRMED_FEDERAL_PROHIBITION_APPLIES; FCRA-605A-3-US-NATIONAL-7Y@CONFIRMED_FEDERAL_PROHIBITION_APPLIES; FCRA-605A-4-US-NATIONAL-7Y@CONFIRMED_FEDERAL_PROHIBITION_APPLIES; FCRA-605A-5-US-NATIONAL-7Y@CONFIRMED_FEDERAL_PROHIBITION_APPLIES,REPORT_FORMAT_AND_APPLICATION_DEPENDENCIES,INSTRUMENT_CLASS_CONFIRMATION; REGISTER_DISPOSITION_UNRESOLVED,NONE_ADMITTED_FOR_LAUNCH
US,US-AS,American Samoa,2,0,5,FCRA-605A-1-US-NATIONAL-10Y@CONFIRMED_FEDERAL_PROHIBITION_APPLIES; FCRA-605A-2-US-NATIONAL-7Y@CONFIRMED_FEDERAL_PROHIBITION_APPLIES; FCRA-605A-3-US-NATIONAL-7Y@CONFIRMED_FEDERAL_PROHIBITION_APPLIES; FCRA-605A-4-US-NATIONAL-7Y@CONFIRMED_FEDERAL_PROHIBITION_APPLIES; FCRA-605A-5-US-NATIONAL-7Y@CONFIRMED_FEDERAL_PROHIBITION_APPLIES,REPORT_FORMAT_AND_APPLICATION_DEPENDENCIES,REGISTER_DISPOSITION_UNRESOLVED,NONE_ADMITTED_FOR_LAUNCH
US,US-AZ,Arizona,1,0,5,FCRA-605A-1-US-NATIONAL-10Y@CONFIRMED_FEDERAL_PROHIBITION_APPLIES; FCRA-605A-2-US-NATIONAL-7Y@CONFIRMED_FEDERAL_PROHIBITION_APPLIES; FCRA-605A-3-US-NATIONAL-7Y@CONFIRMED_FEDERAL_PROHIBITION_APPLIES; FCRA-605A-4-US-NATIONAL-7Y@CONFIRMED_FEDERAL_PROHIBITION_APPLIES; FCRA-605A-5-US-NATIONAL-7Y@CONFIRMED_FEDERAL_PROHIBITION_APPLIES,REPORT_FORMAT_AND_APPLICATION_DEPENDENCIES,INSTRUMENT_CLASS_CONFIRMATION; REGISTER_DISPOSITION_UNRESOLVED,NONE_ADMITTED_FOR_LAUNCH
US,US-CA,California,59,1,5,FCRA-605A-1-US-NATIONAL-10Y@CONFIRMED_FEDERAL_PROHIBITION_APPLIES; FCRA-605A-2-US-NATIONAL-7Y@CONFIRMED_FEDERAL_PROHIBITION_APPLIES; FCRA-605A-3-US-NATIONAL-7Y@CONFIRMED_FEDERAL_PROHIBITION_APPLIES; FCRA-605A-4-US-NATIONAL-7Y@CONFIRMED_FEDERAL_PROHIBITION_APPLIES; FCRA-605A-5-US-NATIONAL-7Y@CONFIRMED_FEDERAL_PROHIBITION_APPLIES; US-CA-CCRAA-1785-13-A-1-BANKRUPTCY-10Y@EXACT_MATCH; US-CA-CCRAA-1785-13-A-4-TAX-LIEN-PAID-7Y@EXACT_MATCH; US-CA-CCRAA-1785-13-A-5-COLLECTION-7Y@EXACT_MATCH; US-CA-CCRAA-1785-13-A-8-ADVERSE-7Y@EXACT_MATCH,REPORT_FORMAT_AND_APPLICATION_DEPENDENCIES,INSTRUMENT_CLASS_CONFIRMATION; LEGACY_OPERATIONAL_MAPPING_AMBIGUOUS:MULTIPLE_RECORDED_MATCHES; LEGACY_OPERATIONAL_MAPPING_NOT_ESTABLISHED; REGISTER_DISPOSITION_UNRESOLVED,NONE_ADMITTED_FOR_LAUNCH
US,US-CO,Colorado,1,0,5,FCRA-605A-1-US-NATIONAL-10Y@CONFIRMED_FEDERAL_PROHIBITION_APPLIES; FCRA-605A-2-US-NATIONAL-7Y@CONFIRMED_FEDERAL_PROHIBITION_APPLIES; FCRA-605A-3-US-NATIONAL-7Y@CONFIRMED_FEDERAL_PROHIBITION_APPLIES; FCRA-605A-4-US-NATIONAL-7Y@CONFIRMED_FEDERAL_PROHIBITION_APPLIES; FCRA-605A-5-US-NATIONAL-7Y@CONFIRMED_FEDERAL_PROHIBITION_APPLIES,REPORT_FORMAT_AND_APPLICATION_DEPENDENCIES,INSTRUMENT_CLASS_CONFIRMATION; REGISTER_DISPOSITION_UNRESOLVED,NONE_ADMITTED_FOR_LAUNCH
US,US-CT,Connecticut,1,0,5,FCRA-605A-1-US-NATIONAL-10Y@CONFIRMED_FEDERAL_PROHIBITION_APPLIES; FCRA-605A-2-US-NATIONAL-7Y@CONFIRMED_FEDERAL_PROHIBITION_APPLIES; FCRA-605A-3-US-NATIONAL-7Y@CONFIRMED_FEDERAL_PROHIBITION_APPLIES; FCRA-605A-4-US-NATIONAL-7Y@CONFIRMED_FEDERAL_PROHIBITION_APPLIES; FCRA-605A-5-US-NATIONAL-7Y@CONFIRMED_FEDERAL_PROHIBITION_APPLIES,REPORT_FORMAT_AND_APPLICATION_DEPENDENCIES,INSTRUMENT_CLASS_CONFIRMATION; REGISTER_DISPOSITION_UNRESOLVED,NONE_ADMITTED_FOR_LAUNCH
US,US-DC,District of Columbia,1,0,5,FCRA-605A-1-US-NATIONAL-10Y@CONFIRMED_FEDERAL_PROHIBITION_APPLIES; FCRA-605A-2-US-NATIONAL-7Y@CONFIRMED_FEDERAL_PROHIBITION_APPLIES; FCRA-605A-3-US-NATIONAL-7Y@CONFIRMED_FEDERAL_PROHIBITION_APPLIES; FCRA-605A-4-US-NATIONAL-7Y@CONFIRMED_FEDERAL_PROHIBITION_APPLIES; FCRA-605A-5-US-NATIONAL-7Y@CONFIRMED_FEDERAL_PROHIBITION_APPLIES,REPORT_FORMAT_AND_APPLICATION_DEPENDENCIES,INSTRUMENT_CLASS_CONFIRMATION; REGISTER_DISPOSITION_UNRESOLVED,NONE_ADMITTED_FOR_LAUNCH
US,US-DE,Delaware,2,0,5,FCRA-605A-1-US-NATIONAL-10Y@CONFIRMED_FEDERAL_PROHIBITION_APPLIES; FCRA-605A-2-US-NATIONAL-7Y@CONFIRMED_FEDERAL_PROHIBITION_APPLIES; FCRA-605A-3-US-NATIONAL-7Y@CONFIRMED_FEDERAL_PROHIBITION_APPLIES; FCRA-605A-4-US-NATIONAL-7Y@CONFIRMED_FEDERAL_PROHIBITION_APPLIES; FCRA-605A-5-US-NATIONAL-7Y@CONFIRMED_FEDERAL_PROHIBITION_APPLIES,REPORT_FORMAT_AND_APPLICATION_DEPENDENCIES,INSTRUMENT_CLASS_CONFIRMATION; REGISTER_DISPOSITION_UNRESOLVED,NONE_ADMITTED_FOR_LAUNCH
US,US-FL,Florida,2,0,5,FCRA-605A-1-US-NATIONAL-10Y@CONFIRMED_FEDERAL_PROHIBITION_APPLIES; FCRA-605A-2-US-NATIONAL-7Y@CONFIRMED_FEDERAL_PROHIBITION_APPLIES; FCRA-605A-3-US-NATIONAL-7Y@CONFIRMED_FEDERAL_PROHIBITION_APPLIES; FCRA-605A-4-US-NATIONAL-7Y@CONFIRMED_FEDERAL_PROHIBITION_APPLIES; FCRA-605A-5-US-NATIONAL-7Y@CONFIRMED_FEDERAL_PROHIBITION_APPLIES,REPORT_FORMAT_AND_APPLICATION_DEPENDENCIES,LEGACY_OPERATIONAL_MAPPING_AMBIGUOUS:MULTIPLE_LEGACY_ROWS_CARRY_THE_RECORDED_PROVISION; REGISTER_DISPOSITION_UNRESOLVED,NONE_ADMITTED_FOR_LAUNCH
US,US-GA,Georgia,2,0,5,FCRA-605A-1-US-NATIONAL-10Y@CONFIRMED_FEDERAL_PROHIBITION_APPLIES; FCRA-605A-2-US-NATIONAL-7Y@CONFIRMED_FEDERAL_PROHIBITION_APPLIES; FCRA-605A-3-US-NATIONAL-7Y@CONFIRMED_FEDERAL_PROHIBITION_APPLIES; FCRA-605A-4-US-NATIONAL-7Y@CONFIRMED_FEDERAL_PROHIBITION_APPLIES; FCRA-605A-5-US-NATIONAL-7Y@CONFIRMED_FEDERAL_PROHIBITION_APPLIES,REPORT_FORMAT_AND_APPLICATION_DEPENDENCIES,REGISTER_DISPOSITION_UNRESOLVED,NONE_ADMITTED_FOR_LAUNCH
US,US-GU,Guam,1,0,5,FCRA-605A-1-US-NATIONAL-10Y@CONFIRMED_FEDERAL_PROHIBITION_APPLIES; FCRA-605A-2-US-NATIONAL-7Y@CONFIRMED_FEDERAL_PROHIBITION_APPLIES; FCRA-605A-3-US-NATIONAL-7Y@CONFIRMED_FEDERAL_PROHIBITION_APPLIES; FCRA-605A-4-US-NATIONAL-7Y@CONFIRMED_FEDERAL_PROHIBITION_APPLIES; FCRA-605A-5-US-NATIONAL-7Y@CONFIRMED_FEDERAL_PROHIBITION_APPLIES,REPORT_FORMAT_AND_APPLICATION_DEPENDENCIES,INSTRUMENT_CLASS_CONFIRMATION; REGISTER_DISPOSITION_UNRESOLVED,NONE_ADMITTED_FOR_LAUNCH
US,US-HI,Hawaii,1,0,5,FCRA-605A-1-US-NATIONAL-10Y@CONFIRMED_FEDERAL_PROHIBITION_APPLIES; FCRA-605A-2-US-NATIONAL-7Y@CONFIRMED_FEDERAL_PROHIBITION_APPLIES; FCRA-605A-3-US-NATIONAL-7Y@CONFIRMED_FEDERAL_PROHIBITION_APPLIES; FCRA-605A-4-US-NATIONAL-7Y@CONFIRMED_FEDERAL_PROHIBITION_APPLIES; FCRA-605A-5-US-NATIONAL-7Y@CONFIRMED_FEDERAL_PROHIBITION_APPLIES,REPORT_FORMAT_AND_APPLICATION_DEPENDENCIES,INSTRUMENT_CLASS_CONFIRMATION; REGISTER_DISPOSITION_UNRESOLVED,NONE_ADMITTED_FOR_LAUNCH
US,US-IA,Iowa,2,0,5,FCRA-605A-1-US-NATIONAL-10Y@CONFIRMED_FEDERAL_PROHIBITION_APPLIES; FCRA-605A-2-US-NATIONAL-7Y@CONFIRMED_FEDERAL_PROHIBITION_APPLIES; FCRA-605A-3-US-NATIONAL-7Y@CONFIRMED_FEDERAL_PROHIBITION_APPLIES; FCRA-605A-4-US-NATIONAL-7Y@CONFIRMED_FEDERAL_PROHIBITION_APPLIES; FCRA-605A-5-US-NATIONAL-7Y@CONFIRMED_FEDERAL_PROHIBITION_APPLIES,REPORT_FORMAT_AND_APPLICATION_DEPENDENCIES,INSTRUMENT_CLASS_CONFIRMATION; REGISTER_DISPOSITION_UNRESOLVED,NONE_ADMITTED_FOR_LAUNCH
US,US-ID,Idaho,2,0,5,FCRA-605A-1-US-NATIONAL-10Y@CONFIRMED_FEDERAL_PROHIBITION_APPLIES; FCRA-605A-2-US-NATIONAL-7Y@CONFIRMED_FEDERAL_PROHIBITION_APPLIES; FCRA-605A-3-US-NATIONAL-7Y@CONFIRMED_FEDERAL_PROHIBITION_APPLIES; FCRA-605A-4-US-NATIONAL-7Y@CONFIRMED_FEDERAL_PROHIBITION_APPLIES; FCRA-605A-5-US-NATIONAL-7Y@CONFIRMED_FEDERAL_PROHIBITION_APPLIES,REPORT_FORMAT_AND_APPLICATION_DEPENDENCIES,INSTRUMENT_CLASS_CONFIRMATION; REGISTER_DISPOSITION_UNRESOLVED,NONE_ADMITTED_FOR_LAUNCH
US,US-IL,Illinois,2,0,5,FCRA-605A-1-US-NATIONAL-10Y@CONFIRMED_FEDERAL_PROHIBITION_APPLIES; FCRA-605A-2-US-NATIONAL-7Y@CONFIRMED_FEDERAL_PROHIBITION_APPLIES; FCRA-605A-3-US-NATIONAL-7Y@CONFIRMED_FEDERAL_PROHIBITION_APPLIES; FCRA-605A-4-US-NATIONAL-7Y@CONFIRMED_FEDERAL_PROHIBITION_APPLIES; FCRA-605A-5-US-NATIONAL-7Y@CONFIRMED_FEDERAL_PROHIBITION_APPLIES,REPORT_FORMAT_AND_APPLICATION_DEPENDENCIES,REGISTER_DISPOSITION_UNRESOLVED,NONE_ADMITTED_FOR_LAUNCH
US,US-IN,Indiana,1,0,5,FCRA-605A-1-US-NATIONAL-10Y@CONFIRMED_FEDERAL_PROHIBITION_APPLIES; FCRA-605A-2-US-NATIONAL-7Y@CONFIRMED_FEDERAL_PROHIBITION_APPLIES; FCRA-605A-3-US-NATIONAL-7Y@CONFIRMED_FEDERAL_PROHIBITION_APPLIES; FCRA-605A-4-US-NATIONAL-7Y@CONFIRMED_FEDERAL_PROHIBITION_APPLIES; FCRA-605A-5-US-NATIONAL-7Y@CONFIRMED_FEDERAL_PROHIBITION_APPLIES,REPORT_FORMAT_AND_APPLICATION_DEPENDENCIES,INSTRUMENT_CLASS_CONFIRMATION; REGISTER_DISPOSITION_UNRESOLVED,NONE_ADMITTED_FOR_LAUNCH
US,US-KS,Kansas,2,0,5,FCRA-605A-1-US-NATIONAL-10Y@CONFIRMED_FEDERAL_PROHIBITION_APPLIES; FCRA-605A-2-US-NATIONAL-7Y@CONFIRMED_FEDERAL_PROHIBITION_APPLIES; FCRA-605A-3-US-NATIONAL-7Y@CONFIRMED_FEDERAL_PROHIBITION_APPLIES; FCRA-605A-4-US-NATIONAL-7Y@CONFIRMED_FEDERAL_PROHIBITION_APPLIES; FCRA-605A-5-US-NATIONAL-7Y@CONFIRMED_FEDERAL_PROHIBITION_APPLIES,REPORT_FORMAT_AND_APPLICATION_DEPENDENCIES,INSTRUMENT_CLASS_CONFIRMATION; REGISTER_DISPOSITION_UNRESOLVED,NONE_ADMITTED_FOR_LAUNCH
US,US-KY,Kentucky,2,0,5,FCRA-605A-1-US-NATIONAL-10Y@CONFIRMED_FEDERAL_PROHIBITION_APPLIES; FCRA-605A-2-US-NATIONAL-7Y@CONFIRMED_FEDERAL_PROHIBITION_APPLIES; FCRA-605A-3-US-NATIONAL-7Y@CONFIRMED_FEDERAL_PROHIBITION_APPLIES; FCRA-605A-4-US-NATIONAL-7Y@CONFIRMED_FEDERAL_PROHIBITION_APPLIES; FCRA-605A-5-US-NATIONAL-7Y@CONFIRMED_FEDERAL_PROHIBITION_APPLIES,REPORT_FORMAT_AND_APPLICATION_DEPENDENCIES,INSTRUMENT_CLASS_CONFIRMATION; REGISTER_DISPOSITION_UNRESOLVED,NONE_ADMITTED_FOR_LAUNCH
US,US-LA,Louisiana,3,0,5,FCRA-605A-1-US-NATIONAL-10Y@CONFIRMED_FEDERAL_PROHIBITION_APPLIES; FCRA-605A-2-US-NATIONAL-7Y@CONFIRMED_FEDERAL_PROHIBITION_APPLIES; FCRA-605A-3-US-NATIONAL-7Y@CONFIRMED_FEDERAL_PROHIBITION_APPLIES; FCRA-605A-4-US-NATIONAL-7Y@CONFIRMED_FEDERAL_PROHIBITION_APPLIES; FCRA-605A-5-US-NATIONAL-7Y@CONFIRMED_FEDERAL_PROHIBITION_APPLIES,REPORT_FORMAT_AND_APPLICATION_DEPENDENCIES,INSTRUMENT_CLASS_CONFIRMATION; REGISTER_DISPOSITION_UNRESOLVED,NONE_ADMITTED_FOR_LAUNCH
US,US-MA,Massachusetts,1,0,5,FCRA-605A-1-US-NATIONAL-10Y@CONFIRMED_FEDERAL_PROHIBITION_APPLIES; FCRA-605A-2-US-NATIONAL-7Y@CONFIRMED_FEDERAL_PROHIBITION_APPLIES; FCRA-605A-3-US-NATIONAL-7Y@CONFIRMED_FEDERAL_PROHIBITION_APPLIES; FCRA-605A-4-US-NATIONAL-7Y@CONFIRMED_FEDERAL_PROHIBITION_APPLIES; FCRA-605A-5-US-NATIONAL-7Y@CONFIRMED_FEDERAL_PROHIBITION_APPLIES,REPORT_FORMAT_AND_APPLICATION_DEPENDENCIES,INSTRUMENT_CLASS_CONFIRMATION; REGISTER_DISPOSITION_UNRESOLVED,NONE_ADMITTED_FOR_LAUNCH
US,US-MD,Maryland,1,0,5,FCRA-605A-1-US-NATIONAL-10Y@CONFIRMED_FEDERAL_PROHIBITION_APPLIES; FCRA-605A-2-US-NATIONAL-7Y@CONFIRMED_FEDERAL_PROHIBITION_APPLIES; FCRA-605A-3-US-NATIONAL-7Y@CONFIRMED_FEDERAL_PROHIBITION_APPLIES; FCRA-605A-4-US-NATIONAL-7Y@CONFIRMED_FEDERAL_PROHIBITION_APPLIES; FCRA-605A-5-US-NATIONAL-7Y@CONFIRMED_FEDERAL_PROHIBITION_APPLIES,REPORT_FORMAT_AND_APPLICATION_DEPENDENCIES,INSTRUMENT_CLASS_CONFIRMATION; REGISTER_DISPOSITION_UNRESOLVED,NONE_ADMITTED_FOR_LAUNCH
US,US-ME,Maine,1,0,5,FCRA-605A-1-US-NATIONAL-10Y@CONFIRMED_FEDERAL_PROHIBITION_APPLIES; FCRA-605A-2-US-NATIONAL-7Y@CONFIRMED_FEDERAL_PROHIBITION_APPLIES; FCRA-605A-3-US-NATIONAL-7Y@CONFIRMED_FEDERAL_PROHIBITION_APPLIES; FCRA-605A-4-US-NATIONAL-7Y@CONFIRMED_FEDERAL_PROHIBITION_APPLIES; FCRA-605A-5-US-NATIONAL-7Y@CONFIRMED_FEDERAL_PROHIBITION_APPLIES,REPORT_FORMAT_AND_APPLICATION_DEPENDENCIES,REGISTER_DISPOSITION_UNRESOLVED,NONE_ADMITTED_FOR_LAUNCH
US,US-MI,Michigan,2,0,5,FCRA-605A-1-US-NATIONAL-10Y@CONFIRMED_FEDERAL_PROHIBITION_APPLIES; FCRA-605A-2-US-NATIONAL-7Y@CONFIRMED_FEDERAL_PROHIBITION_APPLIES; FCRA-605A-3-US-NATIONAL-7Y@CONFIRMED_FEDERAL_PROHIBITION_APPLIES; FCRA-605A-4-US-NATIONAL-7Y@CONFIRMED_FEDERAL_PROHIBITION_APPLIES; FCRA-605A-5-US-NATIONAL-7Y@CONFIRMED_FEDERAL_PROHIBITION_APPLIES,REPORT_FORMAT_AND_APPLICATION_DEPENDENCIES,INSTRUMENT_CLASS_CONFIRMATION; LEGACY_OPERATIONAL_MAPPING_AMBIGUOUS:MULTIPLE_LEGACY_ROWS_CARRY_THE_RECORDED_PROVISION; REGISTER_DISPOSITION_UNRESOLVED,NONE_ADMITTED_FOR_LAUNCH
US,US-MN,Minnesota,1,0,5,FCRA-605A-1-US-NATIONAL-10Y@CONFIRMED_FEDERAL_PROHIBITION_APPLIES; FCRA-605A-2-US-NATIONAL-7Y@CONFIRMED_FEDERAL_PROHIBITION_APPLIES; FCRA-605A-3-US-NATIONAL-7Y@CONFIRMED_FEDERAL_PROHIBITION_APPLIES; FCRA-605A-4-US-NATIONAL-7Y@CONFIRMED_FEDERAL_PROHIBITION_APPLIES; FCRA-605A-5-US-NATIONAL-7Y@CONFIRMED_FEDERAL_PROHIBITION_APPLIES,REPORT_FORMAT_AND_APPLICATION_DEPENDENCIES,REGISTER_DISPOSITION_UNRESOLVED,NONE_ADMITTED_FOR_LAUNCH
US,US-MO,Missouri,2,0,5,FCRA-605A-1-US-NATIONAL-10Y@CONFIRMED_FEDERAL_PROHIBITION_APPLIES; FCRA-605A-2-US-NATIONAL-7Y@CONFIRMED_FEDERAL_PROHIBITION_APPLIES; FCRA-605A-3-US-NATIONAL-7Y@CONFIRMED_FEDERAL_PROHIBITION_APPLIES; FCRA-605A-4-US-NATIONAL-7Y@CONFIRMED_FEDERAL_PROHIBITION_APPLIES; FCRA-605A-5-US-NATIONAL-7Y@CONFIRMED_FEDERAL_PROHIBITION_APPLIES,REPORT_FORMAT_AND_APPLICATION_DEPENDENCIES,INSTRUMENT_CLASS_CONFIRMATION; REGISTER_DISPOSITION_UNRESOLVED,NONE_ADMITTED_FOR_LAUNCH
US,US-MP,Northern Mariana Islands,1,0,5,FCRA-605A-1-US-NATIONAL-10Y@CONFIRMED_FEDERAL_PROHIBITION_APPLIES; FCRA-605A-2-US-NATIONAL-7Y@CONFIRMED_FEDERAL_PROHIBITION_APPLIES; FCRA-605A-3-US-NATIONAL-7Y@CONFIRMED_FEDERAL_PROHIBITION_APPLIES; FCRA-605A-4-US-NATIONAL-7Y@CONFIRMED_FEDERAL_PROHIBITION_APPLIES; FCRA-605A-5-US-NATIONAL-7Y@CONFIRMED_FEDERAL_PROHIBITION_APPLIES,REPORT_FORMAT_AND_APPLICATION_DEPENDENCIES,INSTRUMENT_CLASS_CONFIRMATION; REGISTER_DISPOSITION_UNRESOLVED,NONE_ADMITTED_FOR_LAUNCH
US,US-MS,Mississippi,1,0,5,FCRA-605A-1-US-NATIONAL-10Y@CONFIRMED_FEDERAL_PROHIBITION_APPLIES; FCRA-605A-2-US-NATIONAL-7Y@CONFIRMED_FEDERAL_PROHIBITION_APPLIES; FCRA-605A-3-US-NATIONAL-7Y@CONFIRMED_FEDERAL_PROHIBITION_APPLIES; FCRA-605A-4-US-NATIONAL-7Y@CONFIRMED_FEDERAL_PROHIBITION_APPLIES; FCRA-605A-5-US-NATIONAL-7Y@CONFIRMED_FEDERAL_PROHIBITION_APPLIES,REPORT_FORMAT_AND_APPLICATION_DEPENDENCIES,INSTRUMENT_CLASS_CONFIRMATION; REGISTER_DISPOSITION_UNRESOLVED,NONE_ADMITTED_FOR_LAUNCH
US,US-MT,Montana,2,0,5,FCRA-605A-1-US-NATIONAL-10Y@CONFIRMED_FEDERAL_PROHIBITION_APPLIES; FCRA-605A-2-US-NATIONAL-7Y@CONFIRMED_FEDERAL_PROHIBITION_APPLIES; FCRA-605A-3-US-NATIONAL-7Y@CONFIRMED_FEDERAL_PROHIBITION_APPLIES; FCRA-605A-4-US-NATIONAL-7Y@CONFIRMED_FEDERAL_PROHIBITION_APPLIES; FCRA-605A-5-US-NATIONAL-7Y@CONFIRMED_FEDERAL_PROHIBITION_APPLIES,REPORT_FORMAT_AND_APPLICATION_DEPENDENCIES,INSTRUMENT_CLASS_CONFIRMATION; REGISTER_DISPOSITION_UNRESOLVED,NONE_ADMITTED_FOR_LAUNCH
US,US-NC,North Carolina,1,0,5,FCRA-605A-1-US-NATIONAL-10Y@CONFIRMED_FEDERAL_PROHIBITION_APPLIES; FCRA-605A-2-US-NATIONAL-7Y@CONFIRMED_FEDERAL_PROHIBITION_APPLIES; FCRA-605A-3-US-NATIONAL-7Y@CONFIRMED_FEDERAL_PROHIBITION_APPLIES; FCRA-605A-4-US-NATIONAL-7Y@CONFIRMED_FEDERAL_PROHIBITION_APPLIES; FCRA-605A-5-US-NATIONAL-7Y@CONFIRMED_FEDERAL_PROHIBITION_APPLIES,REPORT_FORMAT_AND_APPLICATION_DEPENDENCIES,INSTRUMENT_CLASS_CONFIRMATION; REGISTER_DISPOSITION_UNRESOLVED,NONE_ADMITTED_FOR_LAUNCH
US,US-ND,North Dakota,1,0,5,FCRA-605A-1-US-NATIONAL-10Y@CONFIRMED_FEDERAL_PROHIBITION_APPLIES; FCRA-605A-2-US-NATIONAL-7Y@CONFIRMED_FEDERAL_PROHIBITION_APPLIES; FCRA-605A-3-US-NATIONAL-7Y@CONFIRMED_FEDERAL_PROHIBITION_APPLIES; FCRA-605A-4-US-NATIONAL-7Y@CONFIRMED_FEDERAL_PROHIBITION_APPLIES; FCRA-605A-5-US-NATIONAL-7Y@CONFIRMED_FEDERAL_PROHIBITION_APPLIES,REPORT_FORMAT_AND_APPLICATION_DEPENDENCIES,INSTRUMENT_CLASS_CONFIRMATION; REGISTER_DISPOSITION_UNRESOLVED,NONE_ADMITTED_FOR_LAUNCH
US,US-NE,Nebraska,2,0,5,FCRA-605A-1-US-NATIONAL-10Y@CONFIRMED_FEDERAL_PROHIBITION_APPLIES; FCRA-605A-2-US-NATIONAL-7Y@CONFIRMED_FEDERAL_PROHIBITION_APPLIES; FCRA-605A-3-US-NATIONAL-7Y@CONFIRMED_FEDERAL_PROHIBITION_APPLIES; FCRA-605A-4-US-NATIONAL-7Y@CONFIRMED_FEDERAL_PROHIBITION_APPLIES; FCRA-605A-5-US-NATIONAL-7Y@CONFIRMED_FEDERAL_PROHIBITION_APPLIES,REPORT_FORMAT_AND_APPLICATION_DEPENDENCIES,INSTRUMENT_CLASS_CONFIRMATION; REGISTER_DISPOSITION_UNRESOLVED,NONE_ADMITTED_FOR_LAUNCH
US,US-NH,New Hampshire,1,0,5,FCRA-605A-1-US-NATIONAL-10Y@CONFIRMED_FEDERAL_PROHIBITION_APPLIES; FCRA-605A-2-US-NATIONAL-7Y@CONFIRMED_FEDERAL_PROHIBITION_APPLIES; FCRA-605A-3-US-NATIONAL-7Y@CONFIRMED_FEDERAL_PROHIBITION_APPLIES; FCRA-605A-4-US-NATIONAL-7Y@CONFIRMED_FEDERAL_PROHIBITION_APPLIES; FCRA-605A-5-US-NATIONAL-7Y@CONFIRMED_FEDERAL_PROHIBITION_APPLIES,REPORT_FORMAT_AND_APPLICATION_DEPENDENCIES,INSTRUMENT_CLASS_CONFIRMATION; REGISTER_DISPOSITION_UNRESOLVED,NONE_ADMITTED_FOR_LAUNCH
US,US-NJ,New Jersey,1,0,5,FCRA-605A-1-US-NATIONAL-10Y@CONFIRMED_FEDERAL_PROHIBITION_APPLIES; FCRA-605A-2-US-NATIONAL-7Y@CONFIRMED_FEDERAL_PROHIBITION_APPLIES; FCRA-605A-3-US-NATIONAL-7Y@CONFIRMED_FEDERAL_PROHIBITION_APPLIES; FCRA-605A-4-US-NATIONAL-7Y@CONFIRMED_FEDERAL_PROHIBITION_APPLIES; FCRA-605A-5-US-NATIONAL-7Y@CONFIRMED_FEDERAL_PROHIBITION_APPLIES,REPORT_FORMAT_AND_APPLICATION_DEPENDENCIES,INSTRUMENT_CLASS_CONFIRMATION; REGISTER_DISPOSITION_UNRESOLVED,NONE_ADMITTED_FOR_LAUNCH
US,US-NM,New Mexico,3,0,5,FCRA-605A-1-US-NATIONAL-10Y@CONFIRMED_FEDERAL_PROHIBITION_APPLIES; FCRA-605A-2-US-NATIONAL-7Y@CONFIRMED_FEDERAL_PROHIBITION_APPLIES; FCRA-605A-3-US-NATIONAL-7Y@CONFIRMED_FEDERAL_PROHIBITION_APPLIES; FCRA-605A-4-US-NATIONAL-7Y@CONFIRMED_FEDERAL_PROHIBITION_APPLIES; FCRA-605A-5-US-NATIONAL-7Y@CONFIRMED_FEDERAL_PROHIBITION_APPLIES,REPORT_FORMAT_AND_APPLICATION_DEPENDENCIES,INSTRUMENT_CLASS_CONFIRMATION; LEGACY_OPERATIONAL_MAPPING_AMBIGUOUS:MULTIPLE_LEGACY_ROWS_CARRY_THE_RECORDED_PROVISION; REGISTER_DISPOSITION_UNRESOLVED,NONE_ADMITTED_FOR_LAUNCH
US,US-NV,Nevada,2,0,5,FCRA-605A-1-US-NATIONAL-10Y@CONFIRMED_FEDERAL_PROHIBITION_APPLIES; FCRA-605A-2-US-NATIONAL-7Y@CONFIRMED_FEDERAL_PROHIBITION_APPLIES; FCRA-605A-3-US-NATIONAL-7Y@CONFIRMED_FEDERAL_PROHIBITION_APPLIES; FCRA-605A-4-US-NATIONAL-7Y@CONFIRMED_FEDERAL_PROHIBITION_APPLIES; FCRA-605A-5-US-NATIONAL-7Y@CONFIRMED_FEDERAL_PROHIBITION_APPLIES,REPORT_FORMAT_AND_APPLICATION_DEPENDENCIES,INSTRUMENT_CLASS_CONFIRMATION; REGISTER_DISPOSITION_UNRESOLVED,NONE_ADMITTED_FOR_LAUNCH
US,US-NY,New York,66,4,5,FCRA-605A-1-US-NATIONAL-10Y@CONFIRMED_FEDERAL_PROHIBITION_APPLIES; FCRA-605A-2-US-NATIONAL-7Y@CONFIRMED_FEDERAL_PROHIBITION_APPLIES; FCRA-605A-3-US-NATIONAL-7Y@CONFIRMED_FEDERAL_PROHIBITION_APPLIES; FCRA-605A-4-US-NATIONAL-7Y@CONFIRMED_FEDERAL_PROHIBITION_APPLIES; FCRA-605A-5-US-NATIONAL-7Y@CONFIRMED_FEDERAL_PROHIBITION_APPLIES; US-NY-GBL-380J-F1-II-JUDGMENT-5Y@EXACT_MATCH; US-NY-GBL-380J-F1-III-TAX-LIEN-PAID-7Y@EXACT_MATCH; US-NY-GBL-380J-F1-I-BANKRUPTCY-14Y@EXACT_MATCH,REPORT_FORMAT_AND_APPLICATION_DEPENDENCIES,DUPLICATE_IDENTITY_BOOKKEEPING; INSTRUMENT_CLASS_CONFIRMATION; LEGACY_OPERATIONAL_MAPPING_AMBIGUOUS:MULTIPLE_LEGACY_ROWS_CARRY_THE_RECORDED_PROVISION; REGISTER_DISPOSITION_UNRESOLVED,NONE_ADMITTED_FOR_LAUNCH
US,US-OH,Ohio,1,0,5,FCRA-605A-1-US-NATIONAL-10Y@CONFIRMED_FEDERAL_PROHIBITION_APPLIES; FCRA-605A-2-US-NATIONAL-7Y@CONFIRMED_FEDERAL_PROHIBITION_APPLIES; FCRA-605A-3-US-NATIONAL-7Y@CONFIRMED_FEDERAL_PROHIBITION_APPLIES; FCRA-605A-4-US-NATIONAL-7Y@CONFIRMED_FEDERAL_PROHIBITION_APPLIES; FCRA-605A-5-US-NATIONAL-7Y@CONFIRMED_FEDERAL_PROHIBITION_APPLIES,REPORT_FORMAT_AND_APPLICATION_DEPENDENCIES,INSTRUMENT_CLASS_CONFIRMATION; REGISTER_DISPOSITION_UNRESOLVED,NONE_ADMITTED_FOR_LAUNCH
US,US-OK,Oklahoma,2,0,5,FCRA-605A-1-US-NATIONAL-10Y@CONFIRMED_FEDERAL_PROHIBITION_APPLIES; FCRA-605A-2-US-NATIONAL-7Y@CONFIRMED_FEDERAL_PROHIBITION_APPLIES; FCRA-605A-3-US-NATIONAL-7Y@CONFIRMED_FEDERAL_PROHIBITION_APPLIES; FCRA-605A-4-US-NATIONAL-7Y@CONFIRMED_FEDERAL_PROHIBITION_APPLIES; FCRA-605A-5-US-NATIONAL-7Y@CONFIRMED_FEDERAL_PROHIBITION_APPLIES,REPORT_FORMAT_AND_APPLICATION_DEPENDENCIES,INSTRUMENT_CLASS_CONFIRMATION; LEGACY_OPERATIONAL_MAPPING_NOT_ESTABLISHED; REGISTER_DISPOSITION_UNRESOLVED,NONE_ADMITTED_FOR_LAUNCH
US,US-OR,Oregon,1,0,5,FCRA-605A-1-US-NATIONAL-10Y@CONFIRMED_FEDERAL_PROHIBITION_APPLIES; FCRA-605A-2-US-NATIONAL-7Y@CONFIRMED_FEDERAL_PROHIBITION_APPLIES; FCRA-605A-3-US-NATIONAL-7Y@CONFIRMED_FEDERAL_PROHIBITION_APPLIES; FCRA-605A-4-US-NATIONAL-7Y@CONFIRMED_FEDERAL_PROHIBITION_APPLIES; FCRA-605A-5-US-NATIONAL-7Y@CONFIRMED_FEDERAL_PROHIBITION_APPLIES,REPORT_FORMAT_AND_APPLICATION_DEPENDENCIES,LEGACY_OPERATIONAL_MAPPING_NOT_ESTABLISHED; REGISTER_DISPOSITION_UNRESOLVED,NONE_ADMITTED_FOR_LAUNCH
US,US-PA,Pennsylvania,1,0,5,FCRA-605A-1-US-NATIONAL-10Y@CONFIRMED_FEDERAL_PROHIBITION_APPLIES; FCRA-605A-2-US-NATIONAL-7Y@CONFIRMED_FEDERAL_PROHIBITION_APPLIES; FCRA-605A-3-US-NATIONAL-7Y@CONFIRMED_FEDERAL_PROHIBITION_APPLIES; FCRA-605A-4-US-NATIONAL-7Y@CONFIRMED_FEDERAL_PROHIBITION_APPLIES; FCRA-605A-5-US-NATIONAL-7Y@CONFIRMED_FEDERAL_PROHIBITION_APPLIES,REPORT_FORMAT_AND_APPLICATION_DEPENDENCIES,INSTRUMENT_CLASS_CONFIRMATION; REGISTER_DISPOSITION_UNRESOLVED,NONE_ADMITTED_FOR_LAUNCH
US,US-PR,Puerto Rico,1,0,5,FCRA-605A-1-US-NATIONAL-10Y@CONFIRMED_FEDERAL_PROHIBITION_APPLIES; FCRA-605A-2-US-NATIONAL-7Y@CONFIRMED_FEDERAL_PROHIBITION_APPLIES; FCRA-605A-3-US-NATIONAL-7Y@CONFIRMED_FEDERAL_PROHIBITION_APPLIES; FCRA-605A-4-US-NATIONAL-7Y@CONFIRMED_FEDERAL_PROHIBITION_APPLIES; FCRA-605A-5-US-NATIONAL-7Y@CONFIRMED_FEDERAL_PROHIBITION_APPLIES,REPORT_FORMAT_AND_APPLICATION_DEPENDENCIES,INSTRUMENT_CLASS_CONFIRMATION; REGISTER_DISPOSITION_UNRESOLVED,NONE_ADMITTED_FOR_LAUNCH
US,US-RI,Rhode Island,1,0,5,FCRA-605A-1-US-NATIONAL-10Y@CONFIRMED_FEDERAL_PROHIBITION_APPLIES; FCRA-605A-2-US-NATIONAL-7Y@CONFIRMED_FEDERAL_PROHIBITION_APPLIES; FCRA-605A-3-US-NATIONAL-7Y@CONFIRMED_FEDERAL_PROHIBITION_APPLIES; FCRA-605A-4-US-NATIONAL-7Y@CONFIRMED_FEDERAL_PROHIBITION_APPLIES; FCRA-605A-5-US-NATIONAL-7Y@CONFIRMED_FEDERAL_PROHIBITION_APPLIES,REPORT_FORMAT_AND_APPLICATION_DEPENDENCIES,INSTRUMENT_CLASS_CONFIRMATION; REGISTER_DISPOSITION_UNRESOLVED,NONE_ADMITTED_FOR_LAUNCH
US,US-SC,South Carolina,1,0,5,FCRA-605A-1-US-NATIONAL-10Y@CONFIRMED_FEDERAL_PROHIBITION_APPLIES; FCRA-605A-2-US-NATIONAL-7Y@CONFIRMED_FEDERAL_PROHIBITION_APPLIES; FCRA-605A-3-US-NATIONAL-7Y@CONFIRMED_FEDERAL_PROHIBITION_APPLIES; FCRA-605A-4-US-NATIONAL-7Y@CONFIRMED_FEDERAL_PROHIBITION_APPLIES; FCRA-605A-5-US-NATIONAL-7Y@CONFIRMED_FEDERAL_PROHIBITION_APPLIES,REPORT_FORMAT_AND_APPLICATION_DEPENDENCIES,INSTRUMENT_CLASS_CONFIRMATION; REGISTER_DISPOSITION_UNRESOLVED,NONE_ADMITTED_FOR_LAUNCH
US,US-SD,South Dakota,1,0,5,FCRA-605A-1-US-NATIONAL-10Y@CONFIRMED_FEDERAL_PROHIBITION_APPLIES; FCRA-605A-2-US-NATIONAL-7Y@CONFIRMED_FEDERAL_PROHIBITION_APPLIES; FCRA-605A-3-US-NATIONAL-7Y@CONFIRMED_FEDERAL_PROHIBITION_APPLIES; FCRA-605A-4-US-NATIONAL-7Y@CONFIRMED_FEDERAL_PROHIBITION_APPLIES; FCRA-605A-5-US-NATIONAL-7Y@CONFIRMED_FEDERAL_PROHIBITION_APPLIES,REPORT_FORMAT_AND_APPLICATION_DEPENDENCIES,INSTRUMENT_CLASS_CONFIRMATION; REGISTER_DISPOSITION_UNRESOLVED,NONE_ADMITTED_FOR_LAUNCH
US,US-TN,Tennessee,1,0,5,FCRA-605A-1-US-NATIONAL-10Y@CONFIRMED_FEDERAL_PROHIBITION_APPLIES; FCRA-605A-2-US-NATIONAL-7Y@CONFIRMED_FEDERAL_PROHIBITION_APPLIES; FCRA-605A-3-US-NATIONAL-7Y@CONFIRMED_FEDERAL_PROHIBITION_APPLIES; FCRA-605A-4-US-NATIONAL-7Y@CONFIRMED_FEDERAL_PROHIBITION_APPLIES; FCRA-605A-5-US-NATIONAL-7Y@CONFIRMED_FEDERAL_PROHIBITION_APPLIES,REPORT_FORMAT_AND_APPLICATION_DEPENDENCIES,INSTRUMENT_CLASS_CONFIRMATION; REGISTER_DISPOSITION_UNRESOLVED,NONE_ADMITTED_FOR_LAUNCH
US,US-TX,Texas,1,0,5,FCRA-605A-1-US-NATIONAL-10Y@CONFIRMED_FEDERAL_PROHIBITION_APPLIES; FCRA-605A-2-US-NATIONAL-7Y@CONFIRMED_FEDERAL_PROHIBITION_APPLIES; FCRA-605A-3-US-NATIONAL-7Y@CONFIRMED_FEDERAL_PROHIBITION_APPLIES; FCRA-605A-4-US-NATIONAL-7Y@CONFIRMED_FEDERAL_PROHIBITION_APPLIES; FCRA-605A-5-US-NATIONAL-7Y@CONFIRMED_FEDERAL_PROHIBITION_APPLIES,REPORT_FORMAT_AND_APPLICATION_DEPENDENCIES,INSTRUMENT_CLASS_CONFIRMATION; REGISTER_DISPOSITION_UNRESOLVED,NONE_ADMITTED_FOR_LAUNCH
US,US-UM,United States Minor Outlying Islands,0,0,5,FCRA-605A-1-US-NATIONAL-10Y@CONFIRMED_FEDERAL_PROHIBITION_APPLIES_NO_REGIONAL_SOURCE_RECORDED; FCRA-605A-2-US-NATIONAL-7Y@CONFIRMED_FEDERAL_PROHIBITION_APPLIES_NO_REGIONAL_SOURCE_RECORDED; FCRA-605A-3-US-NATIONAL-7Y@CONFIRMED_FEDERAL_PROHIBITION_APPLIES_NO_REGIONAL_SOURCE_RECORDED; FCRA-605A-4-US-NATIONAL-7Y@CONFIRMED_FEDERAL_PROHIBITION_APPLIES_NO_REGIONAL_SOURCE_RECORDED; FCRA-605A-5-US-NATIONAL-7Y@CONFIRMED_FEDERAL_PROHIBITION_APPLIES_NO_REGIONAL_SOURCE_RECORDED,NOT_ESTABLISHED_FOR_LAUNCH,,NONE_ADMITTED_FOR_LAUNCH
US,US-UT,Utah,2,0,5,FCRA-605A-1-US-NATIONAL-10Y@CONFIRMED_FEDERAL_PROHIBITION_APPLIES; FCRA-605A-2-US-NATIONAL-7Y@CONFIRMED_FEDERAL_PROHIBITION_APPLIES; FCRA-605A-3-US-NATIONAL-7Y@CONFIRMED_FEDERAL_PROHIBITION_APPLIES; FCRA-605A-4-US-NATIONAL-7Y@CONFIRMED_FEDERAL_PROHIBITION_APPLIES; FCRA-605A-5-US-NATIONAL-7Y@CONFIRMED_FEDERAL_PROHIBITION_APPLIES,REPORT_FORMAT_AND_APPLICATION_DEPENDENCIES,INSTRUMENT_CLASS_CONFIRMATION; REGISTER_DISPOSITION_UNRESOLVED,NONE_ADMITTED_FOR_LAUNCH
US,US-VA,Virginia,2,0,5,FCRA-605A-1-US-NATIONAL-10Y@CONFIRMED_FEDERAL_PROHIBITION_APPLIES; FCRA-605A-2-US-NATIONAL-7Y@CONFIRMED_FEDERAL_PROHIBITION_APPLIES; FCRA-605A-3-US-NATIONAL-7Y@CONFIRMED_FEDERAL_PROHIBITION_APPLIES; FCRA-605A-4-US-NATIONAL-7Y@CONFIRMED_FEDERAL_PROHIBITION_APPLIES; FCRA-605A-5-US-NATIONAL-7Y@CONFIRMED_FEDERAL_PROHIBITION_APPLIES,REPORT_FORMAT_AND_APPLICATION_DEPENDENCIES,INSTRUMENT_CLASS_CONFIRMATION; LEGACY_OPERATIONAL_MAPPING_AMBIGUOUS:MULTIPLE_LEGACY_ROWS_CARRY_THE_RECORDED_PROVISION; REGISTER_DISPOSITION_UNRESOLVED,NONE_ADMITTED_FOR_LAUNCH
US,US-VI,"Virgin Islands, U.S.",1,0,5,FCRA-605A-1-US-NATIONAL-10Y@CONFIRMED_FEDERAL_PROHIBITION_APPLIES; FCRA-605A-2-US-NATIONAL-7Y@CONFIRMED_FEDERAL_PROHIBITION_APPLIES; FCRA-605A-3-US-NATIONAL-7Y@CONFIRMED_FEDERAL_PROHIBITION_APPLIES; FCRA-605A-4-US-NATIONAL-7Y@CONFIRMED_FEDERAL_PROHIBITION_APPLIES; FCRA-605A-5-US-NATIONAL-7Y@CONFIRMED_FEDERAL_PROHIBITION_APPLIES,REPORT_FORMAT_AND_APPLICATION_DEPENDENCIES,INSTRUMENT_CLASS_CONFIRMATION; REGISTER_DISPOSITION_UNRESOLVED,NONE_ADMITTED_FOR_LAUNCH
US,US-VT,Vermont,2,0,5,FCRA-605A-1-US-NATIONAL-10Y@CONFIRMED_FEDERAL_PROHIBITION_APPLIES; FCRA-605A-2-US-NATIONAL-7Y@CONFIRMED_FEDERAL_PROHIBITION_APPLIES; FCRA-605A-3-US-NATIONAL-7Y@CONFIRMED_FEDERAL_PROHIBITION_APPLIES; FCRA-605A-4-US-NATIONAL-7Y@CONFIRMED_FEDERAL_PROHIBITION_APPLIES; FCRA-605A-5-US-NATIONAL-7Y@CONFIRMED_FEDERAL_PROHIBITION_APPLIES,REPORT_FORMAT_AND_APPLICATION_DEPENDENCIES,INSTRUMENT_CLASS_CONFIRMATION; REGISTER_DISPOSITION_UNRESOLVED,NONE_ADMITTED_FOR_LAUNCH
US,US-WA,Washington,25,0,5,FCRA-605A-1-US-NATIONAL-10Y@CONFIRMED_FEDERAL_PROHIBITION_APPLIES; FCRA-605A-2-US-NATIONAL-7Y@CONFIRMED_FEDERAL_PROHIBITION_APPLIES; FCRA-605A-3-US-NATIONAL-7Y@CONFIRMED_FEDERAL_PROHIBITION_APPLIES; FCRA-605A-4-US-NATIONAL-7Y@CONFIRMED_FEDERAL_PROHIBITION_APPLIES; FCRA-605A-5-US-NATIONAL-7Y@CONFIRMED_FEDERAL_PROHIBITION_APPLIES,REPORT_FORMAT_AND_APPLICATION_DEPENDENCIES,INSTRUMENT_CLASS_CONFIRMATION; REGISTER_DISPOSITION_UNRESOLVED,NONE_ADMITTED_FOR_LAUNCH
US,US-WI,Wisconsin,1,0,5,FCRA-605A-1-US-NATIONAL-10Y@CONFIRMED_FEDERAL_PROHIBITION_APPLIES; FCRA-605A-2-US-NATIONAL-7Y@CONFIRMED_FEDERAL_PROHIBITION_APPLIES; FCRA-605A-3-US-NATIONAL-7Y@CONFIRMED_FEDERAL_PROHIBITION_APPLIES; FCRA-605A-4-US-NATIONAL-7Y@CONFIRMED_FEDERAL_PROHIBITION_APPLIES; FCRA-605A-5-US-NATIONAL-7Y@CONFIRMED_FEDERAL_PROHIBITION_APPLIES,REPORT_FORMAT_AND_APPLICATION_DEPENDENCIES,INSTRUMENT_CLASS_CONFIRMATION; REGISTER_DISPOSITION_UNRESOLVED,NONE_ADMITTED_FOR_LAUNCH
US,US-WV,West Virginia,2,0,5,FCRA-605A-1-US-NATIONAL-10Y@CONFIRMED_FEDERAL_PROHIBITION_APPLIES; FCRA-605A-2-US-NATIONAL-7Y@CONFIRMED_FEDERAL_PROHIBITION_APPLIES; FCRA-605A-3-US-NATIONAL-7Y@CONFIRMED_FEDERAL_PROHIBITION_APPLIES; FCRA-605A-4-US-NATIONAL-7Y@CONFIRMED_FEDERAL_PROHIBITION_APPLIES; FCRA-605A-5-US-NATIONAL-7Y@CONFIRMED_FEDERAL_PROHIBITION_APPLIES,REPORT_FORMAT_AND_APPLICATION_DEPENDENCIES,DUPLICATE_IDENTITY_BOOKKEEPING; INSTRUMENT_CLASS_CONFIRMATION; LEGACY_OPERATIONAL_MAPPING_AMBIGUOUS:MULTIPLE_LEGACY_ROWS_CARRY_THE_RECORDED_PROVISION; REGISTER_DISPOSITION_UNRESOLVED,NONE_ADMITTED_FOR_LAUNCH
US,US-WY,Wyoming,2,0,5,FCRA-605A-1-US-NATIONAL-10Y@CONFIRMED_FEDERAL_PROHIBITION_APPLIES; FCRA-605A-2-US-NATIONAL-7Y@CONFIRMED_FEDERAL_PROHIBITION_APPLIES; FCRA-605A-3-US-NATIONAL-7Y@CONFIRMED_FEDERAL_PROHIBITION_APPLIES; FCRA-605A-4-US-NATIONAL-7Y@CONFIRMED_FEDERAL_PROHIBITION_APPLIES; FCRA-605A-5-US-NATIONAL-7Y@CONFIRMED_FEDERAL_PROHIBITION_APPLIES,REPORT_FORMAT_AND_APPLICATION_DEPENDENCIES,INSTRUMENT_CLASS_CONFIRMATION; REGISTER_DISPOSITION_UNRESOLVED,NONE_ADMITTED_FOR_LAUNCH
GB,GB-ENG,England,2,0,0,GB-UK-GDPR-ART5-1-D-ART16-ACCURACY@CONFIRMED_UK_WIDE_STATUTE_EXTENT,REPORT_FORMAT_AND_APPLICATION_DEPENDENCIES,REGISTER_DISPOSITION_UNRESOLVED,NONE_ADMITTED_FOR_LAUNCH
GB,GB-NIR,Northern Ireland,1,0,0,GB-UK-GDPR-ART5-1-D-ART16-ACCURACY@CONFIRMED_UK_WIDE_STATUTE_EXTENT,REPORT_FORMAT_AND_APPLICATION_DEPENDENCIES,INSTRUMENT_CLASS_CONFIRMATION; LEGACY_OPERATIONAL_MAPPING_NOT_ESTABLISHED; REGISTER_DISPOSITION_UNRESOLVED,NONE_ADMITTED_FOR_LAUNCH
GB,GB-SCT,Scotland,1,0,0,GB-UK-GDPR-ART5-1-D-ART16-ACCURACY@CONFIRMED_UK_WIDE_STATUTE_EXTENT,REPORT_FORMAT_AND_APPLICATION_DEPENDENCIES,REGISTER_DISPOSITION_UNRESOLVED,NONE_ADMITTED_FOR_LAUNCH
GB,GB-WLS,Wales [Cymru GB-CYM],2,0,0,GB-UK-GDPR-ART5-1-D-ART16-ACCURACY@CONFIRMED_UK_WIDE_STATUTE_EXTENT,REPORT_FORMAT_AND_APPLICATION_DEPENDENCIES,REGISTER_DISPOSITION_UNRESOLVED,NONE_ADMITTED_FOR_LAUNCH
AU,AU-ACT,Australian Capital Territory,1,0,11,AU-PRIVACY-ACT-1988-S20W-ITEM3-ENQUIRY-5Y@CONFIRMED; AU-PRIVACY-ACT-1988-S20W-ITEM4-DEFAULT-5Y@CONFIRMED; AU-PRIVACY-ACT-1988-S20W-ITEM1-LIABILITY-2Y@CONFIRMED,REPORT_FORMAT_AND_APPLICATION_DEPENDENCIES,LEGACY_OPERATIONAL_MAPPING_NOT_ESTABLISHED; REGISTER_DISPOSITION_UNRESOLVED,NONE_ADMITTED_FOR_LAUNCH
AU,AU-NSW,New South Wales,1,0,11,AU-PRIVACY-ACT-1988-S20W-ITEM3-ENQUIRY-5Y@CONFIRMED; AU-PRIVACY-ACT-1988-S20W-ITEM4-DEFAULT-5Y@CONFIRMED; AU-PRIVACY-ACT-1988-S20W-ITEM1-LIABILITY-2Y@CONFIRMED,REPORT_FORMAT_AND_APPLICATION_DEPENDENCIES,LEGACY_OPERATIONAL_MAPPING_NOT_ESTABLISHED; REGISTER_DISPOSITION_UNRESOLVED,NONE_ADMITTED_FOR_LAUNCH
AU,AU-NT,Northern Territory,1,0,11,AU-PRIVACY-ACT-1988-S20W-ITEM3-ENQUIRY-5Y@CONFIRMED; AU-PRIVACY-ACT-1988-S20W-ITEM4-DEFAULT-5Y@CONFIRMED; AU-PRIVACY-ACT-1988-S20W-ITEM1-LIABILITY-2Y@CONFIRMED,REPORT_FORMAT_AND_APPLICATION_DEPENDENCIES,LEGACY_OPERATIONAL_MAPPING_NOT_ESTABLISHED; REGISTER_DISPOSITION_UNRESOLVED,NONE_ADMITTED_FOR_LAUNCH
AU,AU-QLD,Queensland,1,0,11,AU-PRIVACY-ACT-1988-S20W-ITEM3-ENQUIRY-5Y@CONFIRMED; AU-PRIVACY-ACT-1988-S20W-ITEM4-DEFAULT-5Y@CONFIRMED; AU-PRIVACY-ACT-1988-S20W-ITEM1-LIABILITY-2Y@CONFIRMED,REPORT_FORMAT_AND_APPLICATION_DEPENDENCIES,LEGACY_OPERATIONAL_MAPPING_NOT_ESTABLISHED; REGISTER_DISPOSITION_UNRESOLVED,NONE_ADMITTED_FOR_LAUNCH
AU,AU-SA,South Australia,1,0,11,AU-PRIVACY-ACT-1988-S20W-ITEM3-ENQUIRY-5Y@CONFIRMED; AU-PRIVACY-ACT-1988-S20W-ITEM4-DEFAULT-5Y@CONFIRMED; AU-PRIVACY-ACT-1988-S20W-ITEM1-LIABILITY-2Y@CONFIRMED,REPORT_FORMAT_AND_APPLICATION_DEPENDENCIES,LEGACY_OPERATIONAL_MAPPING_NOT_ESTABLISHED; REGISTER_DISPOSITION_UNRESOLVED,NONE_ADMITTED_FOR_LAUNCH
AU,AU-TAS,Tasmania,1,0,11,AU-PRIVACY-ACT-1988-S20W-ITEM3-ENQUIRY-5Y@CONFIRMED; AU-PRIVACY-ACT-1988-S20W-ITEM4-DEFAULT-5Y@CONFIRMED; AU-PRIVACY-ACT-1988-S20W-ITEM1-LIABILITY-2Y@CONFIRMED,REPORT_FORMAT_AND_APPLICATION_DEPENDENCIES,LEGACY_OPERATIONAL_MAPPING_NOT_ESTABLISHED; REGISTER_DISPOSITION_UNRESOLVED,NONE_ADMITTED_FOR_LAUNCH
AU,AU-VIC,Victoria,1,0,11,AU-PRIVACY-ACT-1988-S20W-ITEM3-ENQUIRY-5Y@CONFIRMED; AU-PRIVACY-ACT-1988-S20W-ITEM4-DEFAULT-5Y@CONFIRMED; AU-PRIVACY-ACT-1988-S20W-ITEM1-LIABILITY-2Y@CONFIRMED,REPORT_FORMAT_AND_APPLICATION_DEPENDENCIES,LEGACY_OPERATIONAL_MAPPING_NOT_ESTABLISHED; REGISTER_DISPOSITION_UNRESOLVED,NONE_ADMITTED_FOR_LAUNCH
AU,AU-WA,Western Australia,1,0,11,AU-PRIVACY-ACT-1988-S20W-ITEM3-ENQUIRY-5Y@CONFIRMED; AU-PRIVACY-ACT-1988-S20W-ITEM4-DEFAULT-5Y@CONFIRMED; AU-PRIVACY-ACT-1988-S20W-ITEM1-LIABILITY-2Y@CONFIRMED,REPORT_FORMAT_AND_APPLICATION_DEPENDENCIES,LEGACY_OPERATIONAL_MAPPING_NOT_ESTABLISHED; REGISTER_DISPOSITION_UNRESOLVED,NONE_ADMITTED_FOR_LAUNCH
